State,State Abbreviation,District Number,Congressional District,Voting-Age Population,18-29 Years Old,30-44 Years Old,45-64 Years Old,65+ Years Old,Men,Women,Above Poverty Level,Below Poverty Level,Less than 9th Grade,"9th to 12 Grade, No Diploma",High School Graduate,"Some College, No Degree",Associate's Degree,Bachelor's Degree,Graduate Degree,High School or More,Bachelor's Degree or More,White,Black,Asian,American Indian and Alaska Native,Native Hawaiian and Other Pacific Islander,Some Other Race,Two or More Races,Hispanic,White Non-Hispanic
Alabama,AL,1,AL-1,544464,104060,125900,188031,126473,256603,287861,532906,76483,13409,57234,185503,122236,42603,82971,40508,473821,123479,379018,144187,6506,N,N,2884,7325,11678,370443
Alabama,AL,2,AL-2,516295,109222,118999,173351,114723,243971,272324,498215,75815,18295,53192,172427,119350,45677,69082,38272,444808,107354,338162,162707,3817,N,N,1818,7705,9755,331192
Alabama,AL,3,AL-3,543854,121328,121212,182379,118935,261066,282788,526264,88748,19578,56833,174209,142705,45713,63916,40900,467443,104816,390539,139026,4028,N,N,2448,6754,12241,381547
Alabama,AL,4,AL-4,515701,95990,114921,177247,127543,248166,267535,509407,70775,24346,57850,175806,121739,51436,52697,31827,433505,84524,459105,39714,N,N,N,3529,8327,11700,451856
Alabama,AL,5,AL-5,551968,109986,129788,193348,118846,267633,284335,537668,61196,14908,43805,151609,123272,45097,113417,59860,493255,173277,427462,99160,5209,N,N,5852,12317,14670,420181
Alabama,AL,6,AL-6,535753,101646,133635,182710,117762,255440,280313,524830,48300,11300,36957,140443,123459,40976,117006,65612,487496,182618,431768,82560,7642,N,N,5066,9103,12660,423727
Alabama,AL,7,AL-7,504177,126572,114337,162887,100381,230516,273661,481363,103655,16616,55234,168045,133839,39302,59601,31540,432327,91141,180979,313943,N,N,N,N,N,7621,175060
Alaska,AK,At-large,AK-At-large,532244,127476,144647,174789,85332,279792,252452,519019,51051,10640,26444,160451,148709,41699,89107,55194,495160,144301,368438,17519,26468,75676,4320,6980,33181,31790,349058
Arizona,AZ,1,AZ-1,568661,124100,129362,169734,145465,283123,285538,536962,89883,21704,52527,157867,160634,47496,76331,52102,494430,128433,388200,16019,6283,124578,N,16627,17080,107249,309394
Arizona,AZ,2,AZ-2,550044,116061,114471,166939,152573,267865,282179,533913,62901,11867,34149,129115,155015,51429,100306,68163,504028,168469,458052,20701,14034,9940,N,25168,21864,130624,365443
Arizona,AZ,3,AZ-3,500787,146929,122468,143475,87915,256566,244221,478150,72311,30121,57088,148104,141914,45173,53824,24563,413578,78387,357944,28175,9604,26382,N,59120,18519,267591,174893
Arizona,AZ,4,AZ-4,633528,95038,118494,201308,218688,318974,314554,610113,68749,17595,52748,192527,192003,59051,77875,41729,563185,119604,578190,11176,7942,8582,N,11112,15000,99681,495800
Arizona,AZ,5,AZ-5,587681,106103,155762,190794,135022,283913,303768,586067,37227,8798,27681,128346,160076,53374,138201,71205,551202,209406,507420,22836,22282,7605,N,13416,13467,79986,445503
Arizona,AZ,6,AZ-6,577899,104945,124931,202991,145032,279903,297996,576110,44701,8834,25687,107601,139842,47995,158055,89885,543378,247940,506970,20018,18222,8632,N,9807,13635,69238,451867
Arizona,AZ,7,AZ-7,454957,153294,120219,127158,54286,226970,227987,447394,67279,34537,53791,140351,117031,34665,50781,23801,366629,74582,317721,52274,10856,18769,N,37487,18298,231252,141414
Arizona,AZ,8,AZ-8,599423,100261,131595,189019,178548,281157,318266,589749,38999,13530,31603,155411,167411,56366,111662,63440,554290,175102,510303,28428,20387,N,N,17439,15934,94705,441353
Arizona,AZ,9,AZ-9,562791,160510,141929,170213,90139,280089,282702,552135,60388,11269,26068,109598,155775,50960,137924,71197,525454,209121,442582,36493,21686,18138,N,21432,19896,108397,365415
Arkansas,AR,1,AR-1,548710,106231,128779,183306,130394,270423,278287,522923,89589,24944,53594,208663,128267,44423,60603,28216,470172,88819,438139,87917,N,N,N,4421,16059,11266,431129
Arkansas,AR,2,AR-2,570220,123752,138990,186961,120517,271053,299167,555802,75688,14879,40792,172669,140151,44106,97692,59931,514549,157623,422355,128263,6177,N,N,3314,8778,13186,413714
Arkansas,AR,3,AR-3,573113,134210,143907,179259,115737,277923,295190,557687,67436,18243,38548,183043,147350,37748,94386,53795,516322,148181,500760,18315,12673,N,1735,19983,13215,46024,476885
Arkansas,AR,4,AR-4,532069,105713,110275,179824,136257,255252,276817,514124,86232,16826,50608,206160,133473,41122,56921,26959,464635,83880,411637,100650,3019,N,N,6858,7232,15662,403409
California,CA,1,CA-1,553702,112448,109556,177833,153865,276469,277233,534889,77504,10300,36521,139909,179540,60188,86500,40744,506881,127244,485784,10767,12127,9608,N,14141,21522,58536,445921
California,CA,2,CA-2,534951,86946,110075,187221,150709,262941,272010,522186,53649,10337,25985,99851,132042,45775,132589,88372,498629,220961,454414,8870,19514,11655,N,19112,20970,61074,418700
California,CA,3,CA-3,504299,128483,117545,158659,99612,246961,257338,489655,65293,18937,36020,125825,155145,46482,73831,48059,449342,121890,359233,35270,52394,5960,N,22185,25321,109241,280363
California,CA,4,CA-4,573118,91864,121814,203386,156054,286496,286622,562791,44632,7430,27012,125409,163654,61487,128333,59793,538676,188126,497366,N,27898,N,N,11868,23354,64548,450006
California,CA,5,CA-5,508369,96576,116637,172776,122380,242276,266093,501445,41040,15874,23135,106375,143612,57465,107991,53917,469360,161908,351083,34910,56492,N,N,37843,21549,97104,301558
California,CA,6,CA-6,506434,124359,140392,152039,89644,244392,262042,499803,64734,23007,31946,120347,135756,46478,100008,48892,451481,148900,271180,71316,83265,N,5553,40599,30155,111950,215048
California,CA,7,CA-7,537436,102634,131950,186789,116063,259003,278433,530517,50715,15617,26001,110306,154666,58465,116934,55447,495818,172381,361187,44099,75279,N,4850,19591,26770,82608,307594
California,CA,8,CA-8,477512,109039,117970,157700,92803,240107,237405,465044,68015,16654,45292,154981,139316,44583,48542,28144,415566,76686,368454,43008,14025,9164,N,25509,16327,155314,248281
California,CA,9,CA-9,482967,109840,115502,162695,94930,234940,248027,473224,50332,22179,38221,147403,126601,51814,68040,28709,422567,96749,290420,49206,69600,N,N,29461,38620,142052,206544
California,CA,10,CA-10,493409,120037,126032,155323,92017,242938,250471,488503,51924,25293,43288,154120,145033,42682,59753,23240,424828,82993,375752,18469,35626,5748,4250,30849,22943,175701,244470
California,CA,11,CA-11,508963,94457,118438,178718,117350,245241,263722,503806,35217,12985,21166,86079,115072,41873,142028,89760,474812,231788,311242,49347,74364,N,N,41347,28089,92941,270864
California,CA,12,CA-12,571300,115725,185209,161917,108449,292211,279089,563530,54323,24369,21283,67565,78296,27093,219245,133449,525648,352694,296423,32133,178128,N,N,33021,28512,66614,269198
California,CA,13,CA-13,536892,124347,153682,158802,100061,253135,283757,523587,59812,16604,24706,88938,108388,33353,151914,112989,495582,264903,247852,98151,109823,3579,3939,43499,30049,83915,217540
California,CA,14,CA-14,511049,98885,125040,171998,115126,249886,261163,505623,30509,18871,20813,79470,105663,37951,159360,88921,471365,248281,241671,17614,177859,N,6011,40390,26057,91581,198763
California,CA,15,CA-15,503361,92013,134040,179479,97829,248705,254656,498277,24930,13285,23799,105049,115831,34366,134275,76756,466277,211031,232958,33069,157240,N,5903,46852,24347,94547,194131
California,CA,16,CA-16,423147,127642,108432,117889,69184,210027,213120,406162,81954,33543,50462,124002,120993,32787,43302,18058,339142,61360,259896,29949,40911,6254,N,73557,12434,210149,133048
California,CA,17,CA-17,438374,86540,103893,162474,85467,224282,214092,430314,28312,13228,19579,69782,81191,33473,128406,92715,405567,221121,166583,11616,208824,N,N,30812,17009,69573,134388
California,CA,18,CA-18,491580,84672,111547,186221,109140,239626,251954,480245,28612,6902,12128,57910,84970,28246,158493,142931,472550,301424,346243,11030,100672,N,N,14024,17163,56623,307735
California,CA,19,CA-19,482363,110244,120200,159427,92492,238475,243888,477211,36308,28909,31052,89585,109884,43770,119763,59400,422402,179163,229734,18927,143142,N,N,60224,21598,152994,149701
California,CA,20,CA-20,434889,113595,100241,129619,91434,216679,218210,411682,38475,19397,26214,91612,123963,41687,79665,52351,389278,132016,305946,11941,27517,N,N,64715,19754,158794,221760
California,CA,21,CA-21,354669,112192,95934,94483,52060,190018,164651,323856,57483,30382,49482,114452,96588,26041,27414,10310,274805,37724,248130,21886,16544,3929,N,50257,13545,216534,91472
California,CA,22,CA-22,483064,121739,123766,144754,92805,228078,254986,478408,58757,20958,33175,113960,138342,53000,80429,43200,428931,123629,346638,15143,38914,N,N,57049,18805,189448,227786
California,CA,23,CA-23,490446,114763,124203,159160,92320,247112,243334,477323,75310,19789,51116,136106,144489,45193,59122,34631,419541,93753,380726,32679,21724,N,N,34044,15283,160510,261955
California,CA,24,CA-24,508333,143040,96005,147344,121944,253408,254925,478763,60133,12493,22428,100200,157352,46880,106787,62193,473412,168980,425380,12424,23909,N,N,21444,18701,123255,334770
California,CA,25,CA-25,482964,103999,115475,175776,87714,235314,247650,475581,48804,19148,40232,113657,128561,49777,89036,42553,423584,131589,330756,34903,41939,N,N,52485,19310,159316,234020
California,CA,26,CA-26,480928,107880,105706,162047,105295,235049,245879,471915,33106,20235,24094,101186,130031,49476,97939,57967,436599,155906,395925,11733,33306,N,N,17324,17814,169562,254914
California,CA,27,CA-27,471963,86706,108732,159649,116876,224505,247458,463381,41601,29513,23456,82256,100069,39294,122862,74513,418994,197375,206447,22520,169067,N,N,55402,15942,117921,150127
California,CA,28,CA-28,502971,99507,139517,166073,97874,246827,256144,499140,53429,18412,17960,82496,106049,46643,155739,75672,466599,231411,363249,14106,61516,N,N,39628,21009,96915,312385
California,CA,29,CA-29,402898,111823,101568,119181,70326,196524,206374,399807,45157,36869,38058,101848,105890,30540,69161,20532,327971,89693,237736,22226,35957,3255,N,91212,11663,227603,111309
California,CA,30,CA-30,529846,113793,130676,174660,110717,256236,273610,523743,43908,19105,23003,87198,127319,40343,155101,77777,487738,232878,352578,32932,69798,N,N,51757,19650,117071,293695
California,CA,31,CA-31,482081,128989,127282,146719,79091,230379,251702,464860,51108,18582,45590,133160,128296,41316,72149,42988,417909,115137,308232,56448,31947,N,N,58974,20841,221491,157858
California,CA,32,CA-32,449452,116658,107883,139777,85134,213040,236412,441456,38130,34351,34156,124345,121048,36250,71065,28237,380945,99302,243616,16232,83560,5739,N,64727,33327,253798,86125
California,CA,33,CA-33,517251,99299,122449,167981,127522,251819,265432,500426,37349,5748,12703,55109,98470,29721,183848,131652,498800,315500,393760,21199,60673,N,N,15442,23687,64031,349617
California,CA,34,CA-34,425520,117797,122307,109068,76348,215755,209765,408807,70687,43810,37570,89614,94176,24198,96927,39225,344140,136152,159449,36952,95508,4847,N,112049,15476,209425,75074
California,CA,35,CA-35,450565,146833,115997,125573,62162,220837,229728,440052,41460,32600,46007,126690,128310,36590,60612,19756,371958,80368,218021,30706,34266,N,N,143278,18524,292642,83458
California,CA,36,CA-36,536333,95867,111759,170439,158268,262414,273919,528270,68097,22723,39828,183900,134038,42824,68798,44222,473782,113020,366541,25914,21313,5902,N,101943,13821,204219,270697
California,CA,37,CA-37,468463,129241,118145,136694,84383,223584,244879,459415,61771,25297,30477,78851,110517,28063,125134,70124,412689,195258,224556,123198,49704,3328,N,47551,18997,135466,144734
California,CA,38,CA-38,481296,116734,115644,152188,96730,233542,247754,474994,38012,30376,35106,136716,126053,39276,81103,32666,415814,113769,213694,20765,82896,N,N,144191,13245,270818,96943
California,CA,39,CA-39,486713,112813,110244,161474,102182,233873,252840,482420,32182,13837,22452,91136,121947,44311,135432,57598,450424,193030,263909,14918,152057,N,N,35968,14948,140123,169329
California,CA,40,CA-40,340435,117561,88081,86405,48388,165988,174447,338726,46300,43948,40368,98979,90081,22031,33112,11916,256119,45028,181946,25692,12880,3015,N,108373,7930,271720,26637
California,CA,41,CA-41,478613,154274,126217,132970,65152,237023,241590,463587,51104,29445,43330,152838,138115,34599,52557,27729,405838,80286,262972,50689,31893,N,N,112567,16584,258511,127599
California,CA,42,CA-42,538265,122803,145881,177568,92013,269677,268588,533812,38700,17647,30484,151598,155168,50397,89357,43614,490134,132971,361584,37246,49668,N,N,61925,21603,177937,255808
California,CA,43,CA-43,454185,114853,115255,142409,81668,213003,241182,448459,48133,24838,37427,101686,122622,37325,91995,38292,391920,130287,177842,119732,68865,2291,N,65073,18986,165629,87475
California,CA,44,CA-44,395819,115574,110263,108537,61445,188238,207581,391379,54905,36450,48320,118351,112113,24915,39798,15872,311049,55670,165491,85383,25054,N,N,99590,12702,236098,37927
California,CA,45,CA-45,532802,110235,119202,187676,115689,259823,272979,524647,38768,8523,17150,68372,118194,44550,172817,103196,507129,276013,366022,9614,114232,N,N,20267,20084,86584,304010
California,CA,46,CA-46,408633,130145,103298,111682,63508,201808,206825,397295,45856,35485,36525,106524,113914,28646,65341,22198,336623,87539,243975,11486,59189,N,N,81155,9290,222627,109333
California,CA,47,CA-47,491712,114807,124261,166891,85753,239510,252202,486226,50414,30115,29772,91523,140344,41173,108005,50780,431825,158785,266203,43843,110767,N,N,45797,17579,127919,192536
California,CA,48,CA-48,529832,103313,113213,190245,123061,261462,268370,528025,41904,19342,22208,86247,120132,41982,153100,86821,488282,239921,359070,9696,106927,N,N,34320,16254,83297,317093
California,CA,49,CA-49,519302,111660,112832,178059,116751,259293,260009,502167,31322,12881,20673,96500,127415,44026,133953,83854,485748,217807,421261,18361,38574,N,N,19567,17266,96576,349606
California,CA,50,CA-50,513522,113483,123333,169884,106822,254481,259041,508243,42991,16294,27775,124514,156195,47178,91516,50050,469453,141566,420132,14365,26540,6867,N,23519,19507,125071,325178
California,CA,51,CA-51,445034,133614,114319,124841,72260,231666,213368,417314,61130,38878,50724,123014,129769,31732,51404,19513,355432,70917,288652,38528,41241,N,N,55092,15511,275718,80486
California,CA,52,CA-52,546843,125910,142801,170845,107287,277751,269092,523070,39255,10373,13673,73004,112056,38826,171061,127850,522797,298911,396684,21380,86599,N,N,15819,21843,68051,351596
California,CA,53,CA-53,563962,150613,157739,162309,93301,280508,283454,555546,53727,14869,25197,110391,158624,51232,135825,67824,523896,203649,382461,47426,75888,N,N,26884,25410,161670,261411
Colorado,CO,1,CO-1,619349,152364,196712,172432,97841,309603,309746,607672,55734,13793,32499,104087,119160,35245,196881,117684,573057,314565,506072,45513,17469,N,N,23219,20096,119977,418148
Colorado,CO,2,CO-2,619285,152308,147134,199517,120326,309961,309324,599732,58303,4237,15601,97110,143708,44309,191323,122997,599447,314320,576504,N,13255,N,N,6147,14535,46193,540357
Colorado,CO,3,CO-3,565901,109523,129319,189023,138036,280001,285900,552902,67233,12223,37687,158596,141449,46311,113999,55636,515991,169635,514091,N,4563,13233,N,19146,9553,109815,432148
Colorado,CO,4,CO-4,598599,117673,156792,208777,115357,302689,295910,583283,44288,13104,32566,146395,148746,55953,139737,62098,552929,201835,548225,8010,10268,N,N,11070,15269,101117,465288
Colorado,CO,5,CO-5,603967,145787,153131,192123,112926,309714,294253,575663,48574,9193,29318,135266,161139,63094,125883,80074,565456,205957,507651,36260,12558,N,N,15684,24563,79608,454724
Colorado,CO,6,CO-6,567801,113465,156336,200412,97588,277947,289854,562482,30122,9462,22659,126885,123362,52458,150079,82896,535680,232975,445319,54258,26492,N,N,16198,18358,82000,388277
Colorado,CO,7,CO-7,576138,124489,162759,180307,108583,283711,292427,567731,43603,14180,39124,148551,132222,43442,129777,68842,522834,198619,515075,9840,14416,N,N,14676,16322,127630,411026
Connecticut,CT,1,CT-1,523004,99742,117559,184595,121108,247490,275514,513017,48741,14315,31958,148797,102532,43400,105117,76885,476731,182002,389864,74654,18123,N,N,25590,13819,76120,349882
Connecticut,CT,2,CT-2,548572,113923,111653,198909,124087,272014,276558,512850,42018,7574,27150,156233,129221,47580,106314,74500,513848,180814,490483,21561,12282,N,N,9461,12947,34236,471406
Connecticut,CT,3,CT-3,535024,117352,114121,182421,121130,251948,283076,511818,49435,14528,27752,167980,107489,38650,96740,81885,492744,178625,415047,73000,16583,N,N,20078,9426,65126,376872
Connecticut,CT,4,CT-4,496370,91904,103645,191712,109109,234779,261591,485611,41943,14385,22152,98469,84003,29367,140769,107225,459833,247994,385473,58892,21594,N,N,19799,9394,70913,341510
Connecticut,CT,5,CT-5,511395,97510,105985,189558,118342,246253,265142,498350,42611,15558,31159,143865,102341,40031,106028,72413,464678,178441,428788,37035,12937,N,N,20742,10348,74862,379746
Delaware,DE,At-large,DE-At-large,720867,140123,153037,249503,178204,343826,377041,698953,72431,16821,47602,244349,149356,54332,125319,83088,656444,208407,521934,158901,15714,N,N,6555,13093,38834,495504
District of Columbia,DC,At-large,DC-At-large,526393,145434,165893,131762,83304,245922,280471,497589,72562,11472,24872,99438,81020,13643,137112,158836,490049,295948,240198,240843,19162,N,N,9019,14842,36738,219188
Florida,FL,1,FL-1,601423,129762,142425,198441,130795,300883,300540,573824,61279,11473,41396,167806,157209,66005,102192,55342,548554,157534,478730,77669,14425,N,N,7267,18881,33268,456722
Florida,FL,2,FL-2,573718,112942,125347,188569,146860,290954,282764,531429,71752,19297,49011,200868,132355,51171,77524,43492,505410,121016,471948,72643,7051,N,N,6613,12474,28069,452634
Florida,FL,3,FL-3,579993,143031,129575,180729,126658,282160,297833,550065,81167,17474,44257,173145,136650,62348,93558,52561,518262,146119,449642,94257,15798,N,N,7252,11235,51546,407799
Florida,FL,4,FL-4,614794,118537,151537,210228,134492,301588,313206,600574,46523,9782,30169,146569,135337,61260,145911,85766,574843,231677,515197,55158,21102,N,N,8382,12540,39896,483093
Florida,FL,5,FL-5,541992,141638,133383,171317,95654,254528,287464,515909,99897,17187,60577,187964,130734,51138,64654,29738,464228,94392,257422,253971,10734,N,N,5696,11808,33932,232592
Florida,FL,6,FL-6,621566,98635,119235,207124,196572,296982,324584,612618,67142,15372,44728,193189,154251,71867,95029,47130,561466,142159,524555,59921,9225,N,N,18471,6898,70307,475149
Florida,FL,7,FL-7,581583,148112,143853,179955,109663,282311,299272,558487,63702,14057,28613,131277,132231,63569,137499,74337,538913,211836,455558,61316,21799,N,N,27205,14159,136155,353215
Florida,FL,8,FL-8,610604,92846,111790,214531,191437,293057,317547,604434,56876,11745,42814,175186,135964,69417,110923,64555,556045,175478,527572,53879,11561,N,N,3277,12045,55610,478959
Florida,FL,9,FL-9,644898,137347,166586,202251,138714,313560,331338,637713,72873,22249,64916,198755,142215,70018,94758,51987,557733,146745,491703,77000,17089,N,N,38959,18829,248443,298166
Florida,FL,10,FL-10,546157,121477,151934,183021,89725,262516,283641,539800,70483,16662,43165,146227,116142,52596,118889,52476,486330,171365,328556,149037,26403,N,N,27895,12385,130233,228710
Florida,FL,11,FL-11,652135,82551,96277,196690,276617,313750,338385,637176,69985,19364,57118,232153,149365,62744,83135,48256,575653,131391,584168,42623,6265,N,N,7035,10705,57736,535611
Florida,FL,12,FL-12,605983,83666,126316,210053,185948,285091,320892,596985,61058,12341,39989,191626,133079,65873,107550,55525,553653,163075,540706,27926,13016,N,N,10067,11346,64029,490925
Florida,FL,13,FL-13,584889,100325,116090,205103,163371,281217,303672,574243,60632,12754,37677,175088,131092,55287,114308,58683,534458,172991,479723,68348,15854,N,N,5689,12961,46059,444148
Florida,FL,14,FL-14,534225,122106,143475,169888,98756,253933,280292,523819,69743,15219,34575,138443,106706,47826,123207,68249,484431,191456,381218,95829,17872,N,N,16749,21164,138740,273612
Florida,FL,15,FL-15,578715,126879,132369,192852,126615,278594,300121,570615,65321,16064,46447,195588,126432,56395,96290,41499,516204,137789,451431,84991,11201,N,N,14806,13386,103755,370973
Florida,FL,16,FL-16,638769,91026,118164,211715,217864,302288,336481,631712,57125,14980,36259,187530,139674,61955,116874,81497,587530,198371,552361,52433,10649,N,N,10954,10038,74228,493256
Florida,FL,17,FL-17,615104,81894,101025,183910,248275,301114,313990,602735,67861,15762,53658,226865,132619,55929,82747,47524,545684,130271,552198,39303,5455,N,N,9332,7256,69215,494198
Florida,FL,18,FL-18,599873,89563,111342,204824,194144,288462,311411,594476,54001,15985,39311,152802,133636,62729,121878,73532,544577,195410,493892,70096,10417,N,N,10979,14063,75180,434724
Florida,FL,19,FL-19,631233,84363,98336,192617,255917,300597,330636,622071,57652,15013,31918,179026,132446,57669,133020,82141,584302,215161,560813,40700,10868,N,N,11983,5755,82220,493017
Florida,FL,20,FL-20,507613,115723,128477,165897,97516,242726,264887,495390,73896,22815,51653,164095,121596,49310,65181,32963,433145,98144,194989,267487,16424,N,N,13700,13644,112325,106176
Florida,FL,21,FL-21,546101,86152,99308,171770,188871,255769,290332,542489,44811,15920,29421,131770,122330,49903,123034,73723,500760,196757,442544,70166,14383,N,N,7997,9671,92844,362151
Florida,FL,22,FL-22,534846,78782,113545,190781,151738,265302,269544,529036,45187,11245,25420,126205,108666,47172,132374,83764,498181,216138,424475,73958,12221,N,N,12100,10285,90007,350850
Florida,FL,23,FL-23,510212,92504,117316,176163,124229,242283,267929,508324,49339,13523,25571,115797,111399,54768,113290,75864,471118,189154,376188,69090,22271,N,N,23434,15871,183434,227022
Florida,FL,24,FL-24,477697,110275,123658,149155,94609,220770,256927,467414,77269,33910,47123,149787,97159,48600,67893,33225,396664,101118,198070,237909,6483,N,N,26447,8322,178950,58894
Florida,FL,25,FL-25,453055,89229,86737,148024,129065,212439,240616,447653,49424,37112,44368,123628,81421,47705,75738,43083,371575,118821,407167,25858,4428,N,N,9990,4862,308446,116776
Florida,FL,26,FL-26,476033,104526,107894,162965,100648,225950,250083,467075,53344,26938,38441,122547,103109,53290,91031,40677,410654,131708,380877,54631,7742,N,N,21939,7931,321023,91978
Florida,FL,27,FL-27,464604,84074,110349,152249,117932,222276,242328,457395,51044,26237,19467,94714,79566,42066,115805,86749,418900,202554,405950,26293,9428,N,N,15750,6918,316284,113859
Georgia,GA,1,GA-1,550713,124272,144285,173960,108196,265885,284828,528280,70331,13076,51187,178303,135737,43746,78779,49885,486450,128664,360901,162854,5574,N,N,5324,14172,23879,347055
Georgia,GA,2,GA-2,498322,116812,118050,158501,104959,237183,261139,464769,98551,20248,66390,169049,124627,39880,47500,30628,411684,78128,223803,254868,4892,N,N,5125,7955,15046,217005
Georgia,GA,3,GA-3,548941,116928,126353,192813,112847,261012,287929,537649,65079,12870,53250,171215,134661,41191,88304,47450,482821,135754,385375,139499,7484,N,N,6806,7837,21966,372018
Georgia,GA,4,GA-4,527938,116027,131388,188968,91555,243040,284898,523057,51138,12326,34628,144760,119360,50992,105484,60388,480984,165872,157491,337809,16867,N,N,7049,8048,22637,146089
Georgia,GA,5,GA-5,587385,173012,167225,162199,84949,276291,311094,551428,88065,9840,40514,143570,123885,33289,140361,95926,537031,236287,200392,348231,15960,N,N,7847,13397,22830,187309
Georgia,GA,6,GA-6,496468,80827,129906,192548,93187,243742,252726,493937,22372,3838,13518,62535,82370,26140,192675,115392,479112,308067,366714,68087,43350,3345,N,4973,9663,28564,346894
Georgia,GA,7,GA-7,486845,101857,126492,180871,77625,226855,259990,482823,34298,11997,27262,98384,105666,40771,129421,73344,447586,202765,294388,107049,55935,N,N,15465,11137,52988,261236
Georgia,GA,8,GA-8,527338,117467,129584,171971,108316,251135,276203,508862,92521,16772,52109,180436,120469,50294,65626,41632,458457,107258,340231,166078,7188,N,N,4882,6963,17792,330423
Georgia,GA,9,GA-9,556967,110102,119775,185692,141398,270985,285982,545726,56373,20915,58839,176199,129920,42938,79230,48926,477213,128156,498528,36889,4721,N,N,6713,9132,32477,473612
Georgia,GA,10,GA-10,565803,135915,130573,189498,109817,272442,293361,542122,71163,16236,54417,178589,140567,38035,84014,53945,495150,137959,395688,144717,9737,N,N,5767,8866,18640,383243
Georgia,GA,11,GA-11,559687,122052,143609,193753,100273,265122,294565,548550,44203,12223,28369,126635,129341,40561,146772,75786,519095,222558,427917,92086,15665,N,N,9017,13161,34432,405549
Georgia,GA,12,GA-12,540482,132914,132283,172888,102397,263096,277386,507512,83972,18105,64330,182860,127517,44276,64104,39290,458047,103394,326120,187815,7116,N,N,7063,11619,23019,313309
Georgia,GA,13,GA-13,523476,114667,141009,185343,82457,234458,289018,518694,43146,14231,32325,155629,120674,52827,93323,54467,476920,147790,161110,323677,11623,N,N,13914,12495,33506,144641
Georgia,GA,14,GA-14,516434,107349,122568,180827,105690,247683,268751,504547,57895,20663,61089,185972,119974,40531,59489,28716,434682,88205,451500,49867,N,N,N,2401,8668,27224,427598
Hawaii,HI,1,HI-1,509992,101825,127924,156279,123964,259092,250900,495018,31466,18207,19349,126402,109925,58055,118497,59557,472436,178054,100905,13731,259843,N,29853,N,100095,41023,90409
Hawaii,HI,2,HI-2,506514,104080,120799,160905,120730,254001,252513,491721,43163,10572,20387,157455,122896,53696,92114,49394,475555,141508,183246,9689,131542,N,61480,6185,112582,47808,167099
Idaho,ID,1,ID-1,661724,133621,156558,218173,153372,327753,333971,646145,62534,12452,41976,205140,183158,59297,110571,49130,607296,159701,609100,N,8316,9659,N,13001,16656,45043,582075
Idaho,ID,2,ID-2,590690,138735,152336,177354,122265,295212,295478,582159,68775,12020,36656,159307,162494,59596,109434,51183,542014,160617,548624,N,7651,6653,N,10710,13900,54863,508999
Illinois,IL,1,IL-1,524114,110093,119884,183041,111096,239139,284975,514916,74766,13382,36079,141235,147033,42550,88916,54919,474653,143835,224647,274362,8218,N,N,9689,6902,38099,197642
Illinois,IL,2,IL-2,497132,105903,115395,166767,109067,220603,276529,489594,77321,15982,37616,154265,144163,38427,65329,41350,443534,106679,184077,286699,3837,N,N,13687,8271,47560,152127
Illinois,IL,3,IL-3,479004,96642,116060,166940,99362,239389,239615,470227,40182,20411,31844,138119,113600,36894,86940,51196,426749,138136,388095,28953,18100,N,N,33685,8549,119520,307829
Illinois,IL,4,IL-4,410804,114380,124459,112782,59183,198815,211989,408610,43427,31711,31795,116237,86500,26307,79404,38850,347298,118254,263899,21445,15798,N,N,94954,11535,235867,136168
Illinois,IL,5,IL-5,545831,138945,163400,153707,89779,264796,281035,536884,38711,13658,20600,88159,86996,30022,190524,115872,511573,306396,451514,17468,40455,N,N,21802,13489,85662,392080
Illinois,IL,6,IL-6,523796,89576,115611,203470,115139,256062,267734,515795,25904,5724,14778,92688,104221,42065,163509,100811,503294,264320,453389,13529,40400,N,N,8646,7143,36875,426440
Illinois,IL,7,IL-7,522767,133525,142887,152762,93593,245563,277204,499676,89468,19914,44571,126591,97863,29955,114874,88999,458282,203873,204321,255621,30224,N,N,22351,9244,61198,168814
Illinois,IL,8,IL-8,442009,97404,105383,149266,89956,210434,231575,437858,27635,14574,25703,112359,104972,36554,101932,45915,401732,147847,319860,24958,52467,2941,N,31933,8978,83841,272278
Illinois,IL,9,IL-9,498242,91913,116876,169788,119665,242188,256054,482383,49348,12446,18151,75642,89548,25709,158190,118556,467645,276746,378283,40709,53819,N,N,9728,13558,40177,350915
Illinois,IL,10,IL-10,468255,99179,100085,164232,104759,228987,239268,449762,31798,11965,23059,103944,94552,28798,120239,85698,433231,205937,359174,32093,40923,N,N,23646,9998,69857,317181
Illinois,IL,11,IL-11,472244,104470,115271,167620,84883,230365,241879,466570,30188,17113,25704,122116,112340,38441,102807,53723,429427,156530,350208,56989,28548,N,N,21801,12108,90099,285959
Illinois,IL,12,IL-12,528398,105402,123904,181641,117451,258312,270086,510485,72726,13675,43253,158926,138129,58073,70358,45984,471470,116342,425034,87619,4299,N,N,2915,7612,11072,417471
Illinois,IL,13,IL-13,539012,143933,119427,165322,110330,262945,276067,503603,81940,8353,36483,159955,150405,44338,87182,52296,494176,139478,457815,55609,12809,N,N,3085,9002,13293,447847
Illinois,IL,14,IL-14,525729,91105,132209,201495,100920,258410,267319,523009,22704,7422,19212,124492,117595,46380,132966,77662,499095,210628,472453,19037,18027,N,N,7266,7879,47421,436299
Illinois,IL,15,IL-15,532371,95218,121442,182004,133707,263271,269100,509784,63091,17323,36130,182687,131779,65834,65766,32852,478918,98618,498724,23257,2379,N,N,N,5060,8780,492449
Illinois,IL,16,IL-16,520730,103375,109416,184379,123560,258813,261917,504555,45055,11612,35477,173370,131365,51308,77192,40406,473641,117598,481303,18598,4825,N,N,6132,8970,34243,455096
Illinois,IL,17,IL-17,512994,101060,111726,174240,125968,250502,262492,492760,66654,12791,41460,180323,135030,49490,64298,29602,458743,93900,436689,56123,3645,N,N,5888,9162,30558,414483
Illinois,IL,18,IL-18,531334,95626,121408,181679,132621,256746,274588,513739,50132,7398,26188,161404,123574,51059,103186,58525,497748,161711,492886,20368,7649,N,N,1979,7367,10712,484911
Indiana,IN,1,IN-1,537218,106269,125653,188611,116685,259331,277887,522771,58981,15827,39082,203110,119820,42828,75903,40648,482309,116551,388801,95275,5621,N,N,32900,12837,68346,359444
Indiana,IN,2,IN-2,522778,110898,118188,175795,117897,254316,268462,503831,55923,21594,47509,184043,114242,41276,74939,39175,453675,114114,464810,34112,4240,N,N,8190,10664,30045,444280
Indiana,IN,3,IN-3,540022,111370,129229,184607,114816,263081,276941,529139,47924,24962,39506,181653,118858,54516,80216,40311,475554,120527,485809,31233,7902,N,N,4083,8785,19057,471761
Indiana,IN,4,IN-4,567094,133208,127470,189264,117152,281136,285958,541335,57075,10609,44664,185184,144319,42189,94729,45400,511821,140129,519827,22611,9335,N,N,6323,8502,19357,507113
Indiana,IN,5,IN-5,573500,111187,147605,199662,115046,273289,300211,559314,45920,7874,31757,132283,111666,41307,159493,89120,533869,248613,495800,49657,13525,N,N,3287,10171,16793,482778
Indiana,IN,6,IN-6,549035,115411,116898,189917,126809,267782,281253,529878,67700,14539,44936,211907,123259,46997,70573,36824,489560,107397,521923,15390,3001,N,N,1555,7017,7943,516121
Indiana,IN,7,IN-7,521076,128612,133507,167449,91508,242838,278238,509529,77616,19219,55057,165068,121074,39679,83617,37362,446800,120979,334915,153947,9284,N,N,8171,13654,27661,317307
Indiana,IN,8,IN-8,549149,110466,125872,188624,124187,270738,278411,525125,62903,13854,44235,199238,126328,55295,74429,35770,491060,110199,513979,24085,2922,N,N,N,6394,6219,509455
Indiana,IN,9,IN-9,575308,132059,135378,189052,118819,279976,295332,553531,64247,13440,45094,184388,136666,51280,93652,50788,516774,144440,537099,17405,9208,N,N,2439,9017,10686,529111
Iowa,IA,1,IA-1,580187,120677,129269,191851,138390,284027,296160,558232,56396,10403,31841,186334,139524,66233,103434,42418,537943,145852,544059,18913,5771,2913,N,2226,6003,12775,534607
Iowa,IA,2,IA-2,581525,126756,130205,191051,133513,284369,297156,560199,62112,14502,32181,181637,138368,62570,100403,51864,534842,152267,543484,16740,8292,N,N,3287,7926,22758,525125
Iowa,IA,3,IA-3,601044,121087,155881,201136,122940,292105,308939,588009,51444,10445,27957,165086,130362,67070,143505,56619,562642,200124,557742,18169,10725,N,N,3156,9832,24306,537428
Iowa,IA,4,IA-4,564463,122947,118353,182759,140404,278749,285714,536367,55271,13685,26732,181685,142529,71368,92602,35862,524046,128464,538737,7067,6745,N,N,2747,6482,23431,519370
Kansas,KS,1,KS-1,502712,127140,106367,154679,114526,254352,248360,474980,57226,12442,31720,141894,148118,49034,79479,40025,458550,119504,459774,16454,5479,N,N,7033,11137,49522,421084
Kansas,KS,2,KS-2,538594,119299,123546,172970,122779,266041,272553,513794,70225,10243,29071,166239,145338,44292,89919,53492,499280,143411,479401,25593,4770,9172,N,3888,16061,25560,462082
Kansas,KS,3,KS-3,534532,103498,139817,184931,106286,258428,276104,529568,31937,6396,21154,103781,110692,44127,160373,88009,506982,248382,453444,43636,17327,N,N,5759,12194,33071,429303
Kansas,KS,4,KS-4,515676,107482,122563,172400,113231,253444,262232,503367,54144,12731,29123,141880,136403,51216,93325,50998,473822,144323,437657,35546,11977,6166,N,10061,14743,38949,412175
Kentucky,KY,1,KY-1,552530,112558,119362,187927,132683,269167,283363,528102,82046,26266,50054,213537,125821,45881,55668,35303,476210,90971,500034,38384,2432,N,N,N,8582,10548,492760
Kentucky,KY,2,KY-2,577362,121167,134374,198804,123017,282075,295287,557689,78440,22663,45724,208390,137329,52998,67449,42809,508975,110258,530370,28032,4163,N,N,2796,9872,10258,524442
Kentucky,KY,3,KY-3,553926,117509,132285,185157,118975,261136,292790,541159,68708,14480,38084,148675,132071,46423,106700,67493,501362,174193,410943,117485,10669,N,N,3796,9967,13047,401441
Kentucky,KY,4,KY-4,565232,109560,137967,201182,116523,277020,288212,551490,55545,16810,35959,179790,131274,46361,95591,59447,512463,155038,532650,19105,3944,N,N,1600,7153,9796,525001
Kentucky,KY,5,KY-5,537877,102630,123765,189523,121959,263796,274081,517228,124355,50910,62212,210309,107623,38928,36855,31040,424755,67895,525043,7435,N,N,N,N,N,2761,523013
Kentucky,KY,6,KY-6,581992,139582,135939,192089,114382,279091,302901,560860,74703,18838,40094,165357,140327,47850,101591,67935,523060,169526,510833,50296,6486,N,N,2552,11851,9886,504284
Louisiana,LA,1,LA-1,594231,118153,143712,203742,128624,282992,311239,582654,66838,22976,46326,181597,133569,37836,113783,58144,524929,171927,481558,83543,10143,7301,N,4112,7990,32247,456106
Louisiana,LA,2,LA-2,587115,124974,151730,196900,113511,273178,313937,567296,113301,18967,72122,187613,144049,33507,84066,46791,496026,130857,196226,365548,9691,N,N,5976,8638,20855,183058
Louisiana,LA,3,LA-3,577604,122302,146926,193990,114386,275886,301718,566763,86760,28375,61411,212519,128338,31824,81119,34018,487818,115137,420921,140311,4398,N,N,2350,8333,14482,409305
Louisiana,LA,4,LA-4,559310,119926,138312,178958,122114,272704,286606,540960,104441,19471,60020,216739,118730,43715,67763,32872,479819,100635,349404,188481,4016,N,N,4193,9015,15146,340455
Louisiana,LA,5,LA-5,555804,113240,138593,182823,121148,274214,281590,513602,103696,26500,70036,217657,125996,29380,58938,27297,459268,86235,351763,191610,2581,N,N,2772,5996,8930,345989
Louisiana,LA,6,LA-6,585015,138843,145438,186354,114380,276949,308066,575426,60246,16394,40897,183341,145679,35651,107690,55363,527724,163053,427098,135054,7651,N,N,2631,9963,13388,417345
Maine,ME,1,ME-1,546625,91423,120900,196768,137534,262366,284259,533126,46725,9218,21182,148584,118434,49043,125615,74549,516225,200164,523065,4832,6318,N,N,N,9504,9152,516350
Maine,ME,2,ME-2,524036,90205,106404,191578,135849,256001,268035,509879,67713,15382,31342,193922,118291,50258,79583,35258,477312,114841,504203,3444,2111,4657,N,N,9244,5918,500004
Maryland,MD,1,MD-1,567926,102678,117878,209151,138219,274632,293294,552884,42578,11726,37787,177042,127075,41891,105136,67269,518413,172405,479256,67759,8288,N,N,2982,8731,13559,470557
Maryland,MD,2,MD-2,560167,120269,143100,189658,107140,260668,299499,543593,51775,16574,34985,161499,129727,41263,101022,75097,508608,176119,323003,188784,24835,N,N,6579,15272,24317,309612
Maryland,MD,3,MD-3,545892,118771,138350,177240,111531,264371,281521,528919,36310,10209,25162,111377,105942,34241,143984,114977,510521,258961,369823,118047,34330,N,N,8064,13885,28000,354564
Maryland,MD,4,MD-4,503398,93014,125012,185566,99806,233987,269411,499442,29106,11427,27961,129278,123933,34678,106875,69246,464010,176121,156560,294846,13788,N,N,23279,14139,38317,145950
Maryland,MD,5,MD-5,556897,121543,123848,208003,103503,266835,290062,538164,32040,9108,26920,150696,140038,39331,113166,77638,520869,190804,280604,223875,21240,N,N,12694,16235,29866,267368
Maryland,MD,6,MD-6,523698,100520,123665,186857,112656,256158,267540,503145,41902,11779,27784,131280,104816,41238,114476,92325,484135,206801,379330,70654,46840,N,N,10979,13954,43603,351139
Maryland,MD,7,MD-7,528398,115519,121941,180162,110776,244249,284149,509441,70189,14993,42520,138110,111925,31056,103203,86591,470885,189794,199610,283515,26141,N,N,3712,13432,14254,191424
Maryland,MD,8,MD-8,533774,95529,126983,190413,120849,255084,278690,525419,27438,12011,22567,89808,87569,30438,138741,152640,499196,291381,380121,66901,43419,N,N,24354,17589,54337,354289
Massachusetts,MA,1,MA-1,568024,119473,119459,198117,130975,266490,301534,546653,65836,21501,47878,168513,119025,51702,98511,60894,498645,159405,499193,34587,8899,N,N,14892,8920,89732,430962
Massachusetts,MA,2,MA-2,558962,127590,117040,196871,117461,269755,289207,522617,45937,10877,27394,142691,128700,45337,122005,81958,520691,203963,492821,21037,22444,N,N,9865,11041,45931,460130
Massachusetts,MA,3,MA-3,543580,113187,124132,204678,101583,267058,276522,529486,45122,19912,35924,140895,107707,41539,117417,80186,487744,197603,434252,21573,32981,N,N,41121,11848,79786,401996
Massachusetts,MA,4,MA-4,559943,103075,119792,212866,124210,264258,295685,538159,33098,11369,24581,121145,96416,38926,140418,127088,523993,267506,500494,14662,26307,N,N,8756,8668,21613,486415
Massachusetts,MA,5,MA-5,535109,107925,129135,180011,118038,254313,280796,513186,30239,10528,15012,98703,75536,28827,159445,147058,509569,306503,441170,25571,44109,N,N,9309,14385,37051,417609
Massachusetts,MA,6,MA-6,577241,101032,119170,215167,141872,273324,303917,562214,40491,12735,22809,140305,101221,44564,152611,102996,541697,255607,514726,20886,20960,N,N,10401,8878,37241,492977
Massachusetts,MA,7,MA-7,558430,197433,143411,135309,82277,261887,296543,516378,78640,25821,31702,103504,123204,26449,143773,103977,500907,247750,322232,133572,48466,N,N,29098,22095,86346,281804
Massachusetts,MA,8,MA-8,561241,113602,138733,189771,119135,271141,290100,547326,34217,14964,22735,119668,98794,42482,156558,106040,523542,262598,451130,51412,34006,N,N,12980,10407,25380,437245
Massachusetts,MA,9,MA-9,573274,97060,109998,204076,162140,272549,300725,562197,47427,20503,32699,162931,110891,50771,118636,76843,520072,195479,520971,14079,6223,N,N,20564,9796,25238,511335
Michigan,MI,1,MI-1,564858,97821,106924,197514,162599,286708,278150,546107,65586,9793,36336,186144,139849,56267,89162,47307,518729,136469,526005,8008,2318,13991,N,N,12946,7068,521391
Michigan,MI,2,MI-2,551323,123650,126229,183561,117883,270056,281267,534886,55290,9933,31859,174642,146931,52975,93328,41655,509531,134983,483612,31227,10108,4143,N,12026,10915,36598,462160
Michigan,MI,3,MI-3,551028,118568,135861,184569,112030,269805,281223,537073,55617,8238,30859,156293,136932,51216,112209,55281,511931,167490,481704,41431,6985,N,N,5726,13090,26456,464680
Michigan,MI,4,MI-4,554938,115498,114323,188632,136485,275776,279162,531080,71584,12192,38199,191898,149293,54823,67991,40542,504547,108533,526676,10988,3224,N,N,N,7859,15030,515278
Michigan,MI,5,MI-5,520558,101137,110301,185117,124003,249502,271056,515340,80779,15810,40216,176679,138006,53758,63145,32944,464532,96089,415581,86291,3630,N,N,N,11210,20993,399720
Michigan,MI,6,MI-6,541981,117971,117761,182640,123609,263696,278285,531118,64711,12744,35945,159576,142047,51155,89738,50776,493292,140514,473725,41084,5902,N,N,3935,15409,20545,459777
Michigan,MI,7,MI-7,548462,99343,121286,197979,129854,271940,276522,528311,48683,9235,34581,177551,144184,52211,84659,46041,504646,130700,506913,21043,4514,N,N,3757,10629,18784,492488
Michigan,MI,8,MI-8,554462,128782,119354,195443,110883,270121,284341,536158,50669,7238,24262,126429,151037,48014,122938,74544,522962,197482,491959,30808,15727,N,N,3539,11053,23746,474565
Michigan,MI,9,MI-9,552114,117050,129459,190454,115151,266809,285305,547797,58611,13567,37795,152491,138059,49408,102506,58288,500752,160794,447958,74602,16366,N,N,N,9518,11679,438566
Michigan,MI,10,MI-10,553804,91918,118907,212452,130527,272084,281720,547765,49350,13316,33455,175993,145237,61063,81127,43613,507033,124740,516738,17298,8270,N,N,N,7652,13094,506372
Michigan,MI,11,MI-11,534817,96984,114133,203487,120213,258134,276683,529991,31151,6943,18181,106280,119626,45347,146777,91663,509693,238440,456915,28362,36706,N,N,1984,9763,10805,447997
Michigan,MI,12,MI-12,526943,144577,114484,166439,101443,255173,271770,509760,71305,12059,31508,132700,143023,40587,93822,73244,483376,167066,427794,57547,20590,N,N,5506,13673,25373,408989
Michigan,MI,13,MI-13,474739,110377,107407,161381,95574,220128,254611,469472,115844,16791,56117,171156,124222,34310,48351,23792,401831,72143,189735,263216,4158,N,N,7211,8375,20615,178151
Michigan,MI,14,MI-14,512851,109658,117113,171524,114556,237874,274977,504057,86226,13291,50257,130078,132529,38470,84144,64082,449303,148226,184289,296868,15811,N,N,3012,11358,14057,173468
Minnesota,MN,1,MN-1,500330,103708,114362,165683,116577,247189,253141,482916,47096,11191,25623,145731,117157,62200,95022,43406,463516,138428,468265,10688,9395,N,N,4704,5515,17539,456613
Minnesota,MN,2,MN-2,511914,96331,131892,185390,98301,247867,264047,503107,27606,6801,19991,115471,114408,64360,136504,54379,485122,190883,456311,19080,19304,N,N,5480,9119,19926,443431
Minnesota,MN,3,MN-3,517834,80909,124874,199945,112106,251195,266639,514568,23532,6990,14392,92869,103178,47633,169886,82886,496452,252772,444126,30981,28398,N,N,3228,10119,11512,436516
Minnesota,MN,4,MN-4,510862,109706,130270,167528,103358,243687,267175,496836,46437,14355,20873,103156,108603,46707,136824,80344,475634,217168,397340,42928,46885,N,N,6263,13954,21515,384868
Minnesota,MN,5,MN-5,517155,137964,150173,141709,87309,256364,260791,503118,61661,11079,20949,94215,113435,39172,157619,80686,485127,238305,395730,68758,21618,6451,N,7921,16732,21973,384238
Minnesota,MN,6,MN-6,525551,104564,137834,190089,93064,264594,260957,515433,32509,7139,21214,147962,131594,69220,103398,45024,497198,148422,490648,11041,10362,N,N,3251,8516,12087,482683
Minnesota,MN,7,MN-7,495727,91877,106463,167305,130082,245413,250314,482844,45244,10746,26785,159672,121783,73217,75070,28454,458196,103524,464118,5225,2580,11787,N,4601,7435,13527,456881
Minnesota,MN,8,MN-8,527541,92761,112017,185789,136974,266984,260557,512566,58844,6488,32123,164070,141250,66648,81173,35789,488930,116962,496067,5830,3378,12081,N,1031,9265,6662,491785
Mississippi,MS,1,MS-1,577880,126850,136703,193135,121192,274187,303693,559338,74040,25710,61515,178253,148330,53761,73625,36686,490655,110311,402803,160869,2353,N,N,3551,6912,9613,397756
Mississippi,MS,2,MS-2,523479,117121,123974,175829,106555,246408,277071,496061,101273,27158,61742,156611,134088,49979,61189,32712,434579,93901,177092,340371,N,N,N,N,N,5263,174095
Mississippi,MS,3,MS-3,559913,120854,140729,175562,122768,263747,296166,539427,94524,18828,50887,157990,133449,55055,86826,56878,490198,143704,345797,200767,3288,5056,N,N,N,5431,342068
Mississippi,MS,4,MS-4,579386,125374,142348,189661,122003,278636,300750,560746,97084,21770,49267,176706,144554,66264,76361,44464,508349,120825,426215,135118,6514,N,N,3910,7129,15661,416172
Missouri,MO,1,MO-1,549361,130558,139392,173891,105520,253168,296193,534195,86150,12310,43630,145273,139298,42877,99489,66484,493421,165973,260192,261201,10437,N,N,4424,11462,11442,252875
Missouri,MO,2,MO-2,575828,93035,129833,210481,142479,272618,303210,565960,24873,5743,22150,112586,121714,46557,157696,109382,547935,267078,523122,22595,20250,N,N,N,6756,11665,514031
Missouri,MO,3,MO-3,602748,113183,148292,213686,127587,295360,307388,585685,43942,12247,42874,192787,148492,54942,99269,52137,547627,151406,567355,21213,3000,N,N,N,8782,8947,560137
Missouri,MO,4,MO-4,584925,140461,129155,185648,129661,289078,295847,553519,79363,17240,39370,192692,159060,45652,82367,48544,528315,130911,532568,25895,5980,N,N,2765,13236,16368,519509
Missouri,MO,5,MO-5,573775,127201,142534,185355,118685,274276,299499,563867,62939,11163,37919,181971,146002,41360,101080,54280,524693,155360,421069,120397,6030,N,1284,9296,13740,33905,398974
Missouri,MO,6,MO-6,583457,112443,141987,201080,127947,287409,296048,558571,50539,12999,38361,191683,141271,44012,103472,51659,532097,155131,535210,26559,5525,N,N,2967,10712,16447,523778
Missouri,MO,7,MO-7,595559,128623,136612,192439,137885,287998,307561,578418,81695,16583,44724,190912,164558,48250,86385,44147,534252,130532,554030,12611,5598,N,N,3458,12883,18291,541114
Missouri,MO,8,MO-8,567717,105465,124173,198629,139450,280877,286840,545199,87592,25839,61909,217973,125854,44447,57370,34325,479969,91695,528067,25045,N,N,N,N,8143,6686,522714
Montana,MT,At-large,MT-At-large,823668,162487,190761,270899,199521,413026,410642,804355,97803,13693,43308,235406,213870,75647,161452,80292,766667,241744,747646,N,4509,43804,N,3505,19621,24492,729822
Nebraska,NE,1,NE-1,473676,115814,111892,147670,98300,236555,237121,457270,45705,9660,19293,124712,118501,55985,99467,46058,444723,145525,432846,11693,7877,5246,N,4213,11469,27352,412429
Nebraska,NE,2,NE-2,467041,98743,130827,152604,84867,226651,240390,456667,41176,10190,22645,100349,115551,38525,118383,61398,434206,179781,398060,42207,8924,N,N,5956,9518,30190,375412
Nebraska,NE,3,NE-3,439543,81629,95106,144924,117884,216125,223418,424327,43757,12722,26245,139853,115467,50287,66060,28909,400576,94969,415335,4793,1949,4072,N,6623,6948,29497,394655
Nevada,NV,1,NV-1,418811,102489,97757,128524,90041,211011,207800,412668,75734,19852,47042,142383,113629,30519,45994,19392,351917,65386,240100,61200,35413,6037,N,55335,17732,125193,179068
Nevada,NV,2,NV-2,531489,108295,122316,178178,122700,268234,263255,521800,45749,11462,31568,143551,154908,53108,88411,48481,488459,136892,440975,11815,19573,13474,N,29893,13627,82341,394263
Nevada,NV,3,NV-3,607915,114455,165543,201412,126505,298190,309725,606083,42769,8687,29939,158850,170118,51956,121177,67188,569289,188365,413307,51247,77180,N,N,33388,26261,92471,360201
Nevada,NV,4,NV-4,516951,107683,129145,170032,110091,258915,258036,505533,55887,14955,45162,163158,144930,42552,69252,36942,456834,106194,337862,78071,32696,7291,N,36795,20134,112161,271379
New Hampshire,NH,1,NH-1,540224,111039,117000,193985,118200,265533,274691,523141,35655,10894,25623,148958,116840,54784,116183,66942,503707,183125,510514,8240,8736,N,N,N,8689,13975,500722
New Hampshire,NH,2,NH-2,529588,94001,110296,202379,122912,260293,269295,510009,33260,10705,25258,158217,106418,47940,111299,69751,493625,181050,502531,6668,8458,N,N,2377,7885,17289,489481
New Jersey,NJ,1,NJ-1,542034,111555,128857,190108,111514,258989,283045,533571,53128,16319,31520,165958,123582,41164,107091,56400,494195,163491,384778,94492,25320,N,N,25639,11236,57115,361446
New Jersey,NJ,2,NJ-2,531339,93137,110952,192550,134700,257404,273935,513349,49849,19139,35455,179700,111411,44933,92001,48700,476745,140701,417570,64200,17255,N,N,19140,11119,59922,382079
New Jersey,NJ,3,NJ-3,570276,103401,121577,204055,141243,276793,293483,558203,30679,11036,28728,171625,125890,46323,124314,62360,530512,186674,470331,62569,16440,N,N,7935,11905,36899,445649
New Jersey,NJ,4,NJ-4,539643,92318,109571,192765,144989,253208,286435,533840,31194,7426,22922,138907,101856,42616,146774,79142,509295,225916,472751,32469,23529,N,N,5888,4677,40667,439223
New Jersey,NJ,5,NJ-5,527932,89385,108059,204536,125952,252797,275135,517601,22025,9640,18646,120924,95213,38861,156892,87756,499646,244648,436719,27896,44427,N,N,6318,11156,58275,389518
New Jersey,NJ,6,NJ-6,502463,116015,108102,179916,98430,247252,255211,475444,37453,18190,27793,138084,112318,34698,110548,60832,456480,171380,344954,59427,65641,N,N,17983,11963,97590,271555
New Jersey,NJ,7,NJ-7,527076,88778,105529,216418,116351,254674,272402,520070,20223,8590,18428,104521,88756,30510,160373,115898,500058,276271,435194,27632,45740,N,N,9733,7894,49423,399594
New Jersey,NJ,8,NJ-8,425604,104194,121068,128201,72141,207269,218335,420513,47592,32045,30291,114505,75754,22620,98333,52056,363268,150389,256512,49683,31256,N,N,69813,16495,206013,139594
New Jersey,NJ,9,NJ-9,481499,99676,111457,169027,101339,230505,250994,479380,49046,24204,28993,141341,97275,25967,113494,50225,428302,163719,311111,50941,54218,N,N,53404,10446,153807,219280
New Jersey,NJ,10,NJ-10,496051,113595,125958,165331,91167,234506,261545,480735,65422,21327,36289,149163,109164,30408,99333,50367,438435,149700,157432,265501,28602,N,N,34692,8905,82975,113784
New Jersey,NJ,11,NJ-11,548734,92894,122467,205816,127557,261914,286820,536031,21125,8304,17079,114551,81464,32798,173542,120996,523351,294538,467549,21897,43139,N,N,6978,8350,54585,423558
New Jersey,NJ,12,NJ-12,505683,96015,108763,190033,110872,242465,263218,489002,36428,12226,25121,116442,94601,30934,131616,94743,468336,226359,319979,97561,61677,N,N,14042,10815,59774,281355
New Mexico,NM,1,NM-1,514775,109072,124471,166781,114451,249488,265287,508282,73116,14575,38448,123565,134273,37779,91242,74893,461752,166135,417352,15860,11369,22993,N,30972,17324,227966,233565
New Mexico,NM,2,NM-2,484702,111415,110639,144518,118130,239241,245461,467832,84825,25613,50753,144472,130910,37556,59184,36214,408336,95398,410561,13404,3104,27930,N,21768,8709,234915,204305
New Mexico,NM,3,NM-3,507907,95645,121837,162932,127493,246780,261127,499664,89207,16244,45208,138477,133972,44223,75882,53901,446455,129783,347776,7966,5215,93824,N,41017,11024,184798,213905
New York,NY,1,NY-1,530436,100287,107433,196082,126634,257571,272865,519175,31046,11716,22721,146227,108727,54503,107773,78769,495999,186542,469195,29343,18748,N,N,5522,6247,55664,421406
New York,NY,2,NY-2,515987,103396,114796,192105,105690,252580,263407,512695,31530,14938,24165,163159,101117,48398,96309,67901,476884,164210,421557,47721,13120,N,N,20918,10552,87360,360821
New York,NY,3,NY-3,521235,84043,94788,201571,140833,248504,272731,512317,25261,12083,15479,92304,80942,38732,149877,131818,493673,281695,408617,17405,74896,N,N,12848,7092,42108,380673
New York,NY,4,NY-4,506457,97115,114081,175392,119869,240633,265824,497226,23349,14448,19140,119211,93213,41524,123603,95318,472869,218921,350417,81188,32489,2228,N,29611,10130,73896,313427
New York,NY,5,NY-5,501784,108297,116210,177019,100258,232458,269326,493643,47721,30580,40856,140344,114537,40504,89820,45143,430348,134963,95312,269186,63666,N,N,54170,16620,74850,68351
New York,NY,6,NY-6,448065,79930,102886,155921,109328,212441,235624,443584,41855,22673,25120,100527,78484,40118,111528,69615,400272,181143,228818,22546,147288,N,N,32697,13803,84837,183511
New York,NY,7,NY-7,446196,118165,128013,126083,73935,214479,231717,439774,79879,41149,45605,99671,65023,22128,107616,65004,359442,172620,242486,54545,63755,N,N,61784,20857,162390,163314
New York,NY,8,NY-8,540660,122947,146729,159129,111855,233029,307631,534467,96821,27000,41189,156102,92901,36933,116774,69761,472471,186535,182080,277437,31107,N,N,32944,16097,83725,149722
New York,NY,9,NY-9,486880,106689,133320,145744,101127,218455,268425,483155,61616,22883,35096,118321,87241,29969,113807,79563,428901,193370,184024,233493,35330,N,N,19299,13728,49463,165596
New York,NY,10,NY-10,473542,104610,124335,138764,105833,221514,252028,458508,57042,19000,20070,71311,58966,17104,156063,131028,434472,287091,350656,19480,75831,N,N,12426,13710,51569,318583
New York,NY,11,NY-11,500998,94271,113514,176250,116963,237048,263950,495306,54201,23412,31674,146260,84487,33972,113826,67367,445912,181193,368224,38364,65850,N,N,19320,8354,75157,319638
New York,NY,12,NY-12,530252,138958,160540,125681,105073,250793,279459,513697,48742,9944,11765,58965,54444,18603,213640,162891,508543,376531,405117,28927,61225,N,N,19638,13580,59475,369801
New York,NY,13,NY-13,505003,132278,138772,147730,86223,232128,272875,497817,109993,45480,52923,116625,97645,27711,101544,63075,406600,164619,143641,167679,19387,N,N,137339,29826,245898,86581
New York,NY,14,NY-14,392398,84822,108371,121605,77600,194391,198007,380258,44703,28934,34023,103936,68842,38092,77500,41071,329441,118571,187370,58500,59258,2015,N,71750,13505,162309,115010
New York,NY,15,NY-15,410819,118087,97836,125599,69297,184098,226721,405180,121432,43443,63045,120551,88448,35746,44672,14914,304331,59586,79708,166569,8258,4016,N,133968,17008,250878,14264
New York,NY,16,NY-16,498243,97670,110557,170078,119938,223699,274544,485031,51192,22025,44135,110388,86548,35996,104749,94402,432083,199151,249916,161995,23001,N,N,47451,14310,111353,202591
New York,NY,17,NY-17,502861,99453,107969,177154,118285,241981,260880,489310,36680,15011,27055,103228,89675,31641,124810,111441,460795,236251,373395,55706,30787,N,N,32269,9914,78084,334031
New York,NY,18,NY-18,524373,110007,111866,194615,107885,258678,265695,505373,38590,13184,33335,138460,108005,54987,99202,77200,477854,176402,421348,52016,12453,N,N,25176,12195,69835,384776
New York,NY,19,NY-19,553713,100781,110525,200995,141412,276166,277547,527441,58461,12382,38099,180308,109863,61407,86884,64770,503232,151654,499819,28573,5960,N,N,7513,10473,31643,479384
New York,NY,20,NY-20,557251,128947,122739,183945,121620,266403,290848,532729,50906,11855,30341,144020,108879,64695,108983,88478,515055,197461,463732,48962,17189,N,N,9090,15050,32170,447852
New York,NY,21,NY-21,551303,113239,119095,194087,124882,283623,267680,516373,54118,16698,38600,194736,112276,63520,70568,54905,496005,125473,510069,18316,5149,N,N,6012,7425,15403,502575
New York,NY,22,NY-22,539437,114511,111158,184422,129346,265317,274120,510768,64552,14642,36008,179578,119746,65355,70741,53367,488787,124108,495348,21123,9748,N,N,4461,7574,15948,486757
New York,NY,23,NY-23,544564,120276,109777,185144,129367,267455,277109,510456,70217,18587,37095,179495,118875,63438,70304,56770,488882,127074,500861,15759,8850,3285,N,7985,7628,18167,492224
New York,NY,24,NY-24,539797,111698,117482,189709,120908,260293,279504,514966,58584,11763,37238,158002,114039,63677,88030,67048,490796,155078,474013,41560,9619,N,N,3618,8527,19512,462060
New York,NY,25,NY-25,543698,117622,123905,181680,120491,257318,286380,523100,68088,14162,35686,126748,108770,59614,112460,86258,493850,198718,431515,78070,12161,N,N,9689,9827,39989,406885
New York,NY,26,NY-26,539694,120559,122162,175590,121383,255091,284603,523261,72530,14560,38176,146000,114829,57892,98034,70203,486958,168237,407858,92005,12470,N,N,13261,11702,30730,395376
New York,NY,27,NY-27,564383,95372,120176,212938,135897,278943,285440,545584,42730,8541,29189,170217,112414,77305,92489,74228,526653,166717,534723,13687,4589,N,N,3707,5114,10931,528120
North Carolina,NC,1,NC-1,566173,132862,125420,183238,124653,262291,303882,536378,89085,20304,51413,164037,132054,48077,91176,59112,494456,150288,280421,254956,7907,4967,N,7051,10620,19273,270264
North Carolina,NC,2,NC-2,601142,106022,154674,224620,115826,291498,309644,593495,42953,10786,37067,145278,135285,63189,141071,68466,553289,209537,444665,119621,9392,N,N,9924,14159,30892,426822
North Carolina,NC,3,NC-3,579504,140107,124968,183311,131118,293180,286324,545792,72185,17246,43953,175802,152531,61442,85929,42601,518305,128530,434029,118178,5943,N,N,5875,13032,32821,411242
North Carolina,NC,4,NC-4,624834,160718,165799,199641,98676,294403,330431,596963,56009,7044,25433,93039,128496,43302,203436,124084,592357,327520,411527,146679,35825,N,N,10929,17827,33104,393780
North Carolina,NC,5,NC-5,572721,120924,115470,198628,137699,271575,301146,550670,76313,18306,51302,163139,143164,54965,93622,48223,503113,141845,466868,85452,4699,N,N,5021,7024,19976,452028
North Carolina,NC,6,NC-6,567392,108516,120375,203804,134697,268248,299144,555732,62094,17938,46521,162821,142372,61424,92441,43875,502933,136316,424602,119618,6507,N,N,5973,9115,20646,410991
North Carolina,NC,7,NC-7,613510,120856,130075,204550,158029,291864,321646,598995,81576,14702,49951,171600,157945,65470,104727,49115,548857,153842,469998,118488,5780,N,N,5532,9136,23421,453215
North Carolina,NC,8,NC-8,581896,134841,139696,189464,117895,280980,300916,560326,64418,15442,43292,165047,150451,61657,96263,49744,523162,146007,403599,135482,10986,6373,N,9366,15169,39927,376894
North Carolina,NC,9,NC-9,561804,104526,130550,206102,120626,267655,294149,548599,56464,16889,45406,142144,122465,45150,127162,62588,499509,189750,372678,114021,12784,46404,N,5792,10192,22046,360064
North Carolina,NC,10,NC-10,585102,107076,129277,208870,139879,277020,308082,572654,70692,17667,52820,175345,137346,62071,95374,44479,514615,139853,490630,72610,7352,N,N,4876,8227,18328,477282
North Carolina,NC,11,NC-11,604505,100736,121933,208993,172843,289081,315424,591536,74390,19136,53301,177956,141325,61958,96127,54702,532068,150829,558971,19383,5123,8500,N,4014,8761,17019,547147
North Carolina,NC,12,NC-12,591843,149353,170864,188532,83094,275402,316441,581131,54940,10567,36235,111910,146130,51052,162829,73120,545041,235949,300205,241622,18524,N,N,15765,13675,39878,281602
North Carolina,NC,13,NC-13,579274,119172,126619,204338,129145,271691,307583,560122,65082,14751,48189,158035,147984,54321,106577,49417,516334,155994,418093,128571,11668,N,N,5810,12172,20610,405021
North Dakota,ND,At-large,ND-At-large,567351,139148,139250,172914,116039,291026,276325,546513,57163,15546,25287,148841,144944,82195,115082,35456,526518,150538,507582,13529,3741,26810,N,N,9794,16825,497987
Ohio,OH,1,OH-1,541695,115385,127214,188655,110441,262456,279239,522774,61323,12480,37906,159131,112921,42517,109523,67217,491309,176740,408101,110142,9566,N,N,1488,11816,9240,401223
Ohio,OH,2,OH-2,557971,110038,135103,193722,119108,267271,290700,550012,65318,12806,38836,179331,115407,42885,107448,61258,506329,168706,491315,49326,5822,N,N,N,8794,6748,486127
Ohio,OH,3,OH-3,560963,153956,152437,173350,81220,262190,298773,543140,87584,12033,46819,162352,149107,41456,102291,46905,502111,149196,340692,176124,16451,N,N,8231,17728,20280,330269
Ohio,OH,4,OH-4,542874,107261,120580,192235,122798,269636,273238,517764,53877,8396,40645,227241,118829,54698,61147,31918,493833,93065,497072,29506,3577,N,N,N,7578,17159,484081
Ohio,OH,5,OH-5,549171,108332,120658,190308,129873,265489,283682,533728,49753,8179,33024,194792,126171,49952,85505,51548,507968,137053,510516,16042,4916,N,N,7476,9328,22718,497742
Ohio,OH,6,OH-6,545803,92786,115894,198331,138792,271382,274421,526363,78256,15035,45891,243105,104787,50815,55394,30776,484877,86170,522541,11949,N,N,N,N,6885,4139,519628
Ohio,OH,7,OH-7,557024,102049,127143,193475,134357,267916,289108,544781,55197,25543,40928,216413,118866,45198,70596,39480,490553,110076,524020,19576,2541,N,N,N,8307,7516,517963
Ohio,OH,8,OH-8,546406,112205,122391,189359,122451,263947,282459,532437,53264,11657,39929,194706,129108,46735,83985,40286,494820,124271,495127,31555,7559,N,N,2046,9717,9288,488253
Ohio,OH,9,OH-9,545749,124360,125503,185628,110258,263532,282217,534835,89928,15058,48500,179845,139469,46334,76917,39626,482191,116543,429379,80260,6204,N,N,11416,15979,52906,396171
Ohio,OH,10,OH-10,552514,119030,123728,182094,127662,263435,289079,526770,71539,9937,38545,153389,146059,49346,89308,65930,504032,155238,439582,87640,8761,N,N,N,13259,10696,431513
Ohio,OH,11,OH-11,524803,115904,112868,177785,118246,238090,286713,507302,107065,15282,54749,151651,124933,39417,82102,56669,454772,138771,226407,269913,8086,N,N,5232,13329,17237,216076
Ohio,OH,12,OH-12,585940,116111,143636,203572,122621,290618,295322,569339,49050,9882,28982,161706,121457,39600,145735,78578,547076,224313,528755,28752,13546,N,N,N,11981,11415,520414
Ohio,OH,13,OH-13,559931,121208,118910,188243,131570,268927,291004,541535,80108,12042,42021,202284,143217,39416,78664,42287,505868,120951,477923,60746,6651,N,N,N,10148,N,465719
Ohio,OH,14,OH-14,553668,91212,116235,202802,143419,266077,287591,544116,36742,16280,28544,163375,109869,43396,121554,70650,508844,192204,510204,26638,8399,N,N,1973,6981,11531,500765
Ohio,OH,15,OH-15,586092,122586,148238,195592,119676,292487,293605,556465,61556,10635,40687,190377,126001,42927,110222,65243,534770,175465,534595,27259,10215,N,N,N,11631,8845,528345
Ohio,OH,16,OH-16,553316,94003,119356,195092,144865,269087,284229,543064,33622,10777,22848,164323,123950,48612,117209,65597,519691,182806,518260,17301,8248,N,N,1542,7381,9945,510246
Oklahoma,OK,1,OK-1,565812,119601,142459,185630,118122,270452,295360,558168,62121,10635,40682,156559,147183,49828,110571,50354,514495,160925,430528,47764,10687,35350,N,6006,35447,34808,403810
Oklahoma,OK,2,OK-2,564213,111772,124240,187143,141058,275370,288843,543589,91676,19429,63222,218810,128176,44414,61249,28913,481562,90162,395157,19853,2554,94348,537,4477,47835,17417,386314
Oklahoma,OK,3,OK-3,571661,128376,136979,181404,124902,285869,285792,545818,71757,13873,47362,199176,150474,42061,83205,35510,510426,118715,470884,24256,5948,32025,N,11938,27206,36389,450725
Oklahoma,OK,4,OK-4,589702,140663,148141,183691,117207,291854,297848,563986,66997,13067,41027,190794,167764,43067,84048,49935,535608,133983,462131,38683,10100,30259,N,11086,36816,39832,437276
Oklahoma,OK,5,OK-5,561277,127461,145137,177443,111236,266722,294555,547860,72937,13775,44123,148804,145781,40854,107536,60404,503379,167940,404896,74608,14329,27296,N,11351,28839,47050,371767
Oregon,OR,1,OR-1,606198,122267,156907,203271,123753,294448,311750,596872,48348,9339,26679,128013,146233,53496,156276,86162,570180,242438,513567,10563,37244,N,N,13522,23694,53395,479351
Oregon,OR,2,OR-2,619186,107760,137721,203375,170330,305421,313765,605564,73367,13268,47630,161388,179946,61291,99261,56402,558288,155663,570566,N,6561,11251,N,7035,18083,47200,535491
Oregon,OR,3,OR-3,627716,128785,192698,195594,110639,309299,318417,616973,65208,12960,28825,121458,158417,52252,157586,96218,585931,253804,517373,28243,42605,N,N,5724,25522,42055,486378
Oregon,OR,4,OR-4,638548,137856,131793,197411,171488,313807,324741,626815,96381,11701,45999,164956,201222,58029,100115,56526,580848,156641,577889,N,10379,8751,N,12109,25058,34726,558470
Oregon,OR,5,OR-5,606523,121244,135652,202365,147262,295492,311031,595610,60545,10875,36398,152097,167719,56373,119939,63122,559250,183061,534933,N,12700,N,N,22572,22413,59285,503966
Pennsylvania,PA,1,PA-1,544860,92077,114576,208051,130156,264421,280439,537518,27607,8473,22937,156819,97767,42868,134297,81699,513450,215996,485517,18522,28270,N,N,4568,7510,21258,470789
Pennsylvania,PA,2,PA-2,496510,108907,131431,162980,93192,234087,262423,487446,105114,26299,56776,198771,85428,29704,68370,31162,413435,99532,255993,131605,30679,N,N,63238,12957,107789,221042
Pennsylvania,PA,3,PA-3,564612,163596,147436,155674,97906,253086,311526,538968,113844,11692,42143,157520,116200,27138,117374,92545,510777,209919,208667,307689,24890,N,N,5295,16948,23412,196371
Pennsylvania,PA,4,PA-4,543723,93110,126725,196830,127058,260436,283287,528636,28462,8807,22739,142022,88390,39064,144278,98423,512177,242701,454586,52262,22373,N,N,4705,9628,18783,441795
Pennsylvania,PA,5,PA-5,519983,107792,123762,176758,111671,243516,276467,498676,45199,10562,31422,160532,99737,37695,106551,73484,477999,180035,363487,118476,24754,N,N,N,9032,17273,352547
Pennsylvania,PA,6,PA-6,522912,104793,115963,186198,115958,252469,270443,507935,39976,12563,27757,130458,92678,35515,138750,85191,482592,223941,449691,32287,14144,N,N,16911,9541,53752,417509
Pennsylvania,PA,7,PA-7,552078,112979,120075,190234,128790,267694,284384,533234,53161,15318,35659,189151,111581,48351,94809,57209,501101,152018,469476,34943,13253,N,N,20031,12391,80928,419773
Pennsylvania,PA,8,PA-8,535133,96758,111460,191872,135043,261619,273514,516034,59557,11439,37736,200538,109953,48725,81079,45663,485958,126742,480360,27511,7691,N,N,9335,9552,44055,450419
Pennsylvania,PA,9,PA-9,555775,101991,113868,200346,139570,277295,278480,528749,49237,16996,42409,240099,97346,47334,73298,38293,496370,111591,518358,15716,5016,N,N,10844,5481,28993,503528
Pennsylvania,PA,10,PA-10,552761,104026,132749,190256,125730,266462,286299,531726,46291,15277,34073,189962,99038,48044,108486,57881,503411,166367,460919,56947,13759,N,N,7704,12505,33868,441207
Pennsylvania,PA,11,PA-11,553568,108179,121027,190275,134087,269825,283743,543005,37367,35053,42629,202751,91320,41919,92575,47321,475886,139896,504688,17933,8037,N,N,12607,8659,37151,484533
Pennsylvania,PA,12,PA-12,551022,123316,110831,183226,133649,273160,277862,516051,66048,15618,38952,234876,103919,46333,71193,40131,496452,111324,526661,11901,4991,N,N,N,3925,10742,519347
Pennsylvania,PA,13,PA-13,545111,95067,111055,195512,143477,268312,276799,523708,52637,13896,40577,241288,99961,48425,62268,38696,490638,100964,516724,16075,2209,N,N,1840,8046,8760,511304
Pennsylvania,PA,14,PA-14,551164,92479,113121,199732,145832,268241,282923,534212,50791,8357,28415,219548,100379,53868,91121,49476,514392,140597,523728,16477,3505,N,N,N,6469,6330,518637
Pennsylvania,PA,15,PA-15,548615,103760,109888,194162,140805,278000,270615,519562,57901,13986,34673,246984,91462,51525,72269,37716,499956,109985,526103,N,2867,N,N,N,6280,6687,522481
Pennsylvania,PA,16,PA-16,539710,105421,112260,188904,133125,262719,276991,513587,64498,12118,31769,211587,99574,51589,86897,46176,495823,133073,501628,22529,3902,N,N,N,7184,10508,495236
Pennsylvania,PA,17,PA-17,559285,89713,129224,201518,138830,270617,288668,552462,41481,5903,20706,159016,99939,56259,136767,80695,532676,217462,508180,31973,9500,N,N,1400,8279,7321,503418
Pennsylvania,PA,18,PA-18,544390,124197,125413,167548,127232,254384,290006,522202,71545,6755,25046,156418,107772,51636,117979,78784,512589,196763,427121,90399,12581,N,N,N,11048,9730,420235
Rhode Island,RI,1,RI-1,395409,86516,88010,131729,89154,188916,206493,376196,49877,14274,29304,114324,82383,29031,75455,50638,351831,126093,323031,27650,9436,N,N,22408,11418,52719,293545
Rhode Island,RI,2,RI-2,407668,90505,86605,142807,87751,195852,211816,391434,33551,10748,20558,118228,87561,37944,80864,51765,376362,132629,361968,16926,10467,N,N,8404,7916,38441,334255
South Carolina,SC,1,SC-1,613912,117100,152845,199262,144705,295032,318880,605071,53615,8402,33694,147261,132570,56738,149559,85688,571816,235247,466500,115167,9064,N,N,10198,10966,24809,452570
South Carolina,SC,2,SC-2,537342,112273,126169,183210,115690,255658,281684,520411,57271,12192,31646,155524,129295,48002,101285,59398,493504,160683,385598,130527,7361,N,N,4495,8285,20880,370699
South Carolina,SC,3,SC-3,534772,110832,113351,180995,129594,258621,276151,517074,70663,23598,55661,167914,120514,55599,70623,40863,455513,111486,422270,99145,3035,N,N,3722,5957,14388,412561
South Carolina,SC,4,SC-4,533533,114689,122139,181414,115291,251842,281691,518231,50729,14123,40243,144256,119282,51575,109232,54822,479167,164054,405172,102042,10346,N,N,4795,10285,18153,393623
South Carolina,SC,5,SC-5,552247,107394,130685,191844,122324,262084,290163,541112,65432,16054,52868,175909,129527,54597,83245,40047,483325,123292,385649,146617,5308,N,N,3662,8765,14601,375463
South Carolina,SC,6,SC-6,506843,135079,116303,151193,104268,241997,264846,469768,95495,15227,53208,175995,126565,45647,60929,29272,438408,90201,210650,276661,3846,N,N,3026,10764,10092,205293
South Carolina,SC,7,SC-7,571428,100281,116934,194600,159613,265082,306346,558493,89683,18426,54134,200743,125367,58464,74215,40079,498868,114294,403217,151170,4767,N,N,3234,4248,12571,394892
South Dakota,SD,At-large,SD-At-large,647089,135924,154204,211141,145820,323519,323570,623323,73236,14171,37075,198743,144419,76351,125006,51324,595843,176330,573199,7602,4301,47766,N,2976,11750,16770,562090
Tennessee,TN,1,TN-1,563918,101879,115573,199303,147163,271986,291932,549414,75115,25317,48099,212285,130545,39878,68396,39398,490502,107794,540760,12046,N,N,N,1756,7097,8717,534862
Tennessee,TN,2,TN-2,583056,126317,126787,195284,134668,278806,304250,568291,67235,17390,39983,170864,138825,50247,103401,62346,525683,165747,530524,34866,6892,N,N,2060,7260,12772,520933
Tennessee,TN,3,TN-3,571456,107332,127851,199140,137133,274322,297134,554284,73597,20499,48723,182887,143515,48676,80485,46671,502234,127156,494474,58905,5320,N,N,1619,9009,11835,485077
Tennessee,TN,4,TN-4,590540,131798,139598,202170,116974,284223,306317,576455,71929,21878,49220,207359,142942,47520,85399,36222,519442,121621,509128,58521,6539,N,N,4177,9871,19562,494574
Tennessee,TN,5,TN-5,563797,138645,154933,174676,95543,267201,296596,545555,62163,13155,36975,136097,126184,35464,135779,80143,513667,215922,396515,135489,12568,N,N,7589,10001,20724,382584
Tennessee,TN,6,TN-6,591603,110663,133871,208991,138078,286118,305485,580485,63405,26937,43027,219478,132632,40519,85377,43633,521639,129010,546480,27006,3122,N,N,4599,8624,11050,541137
Tennessee,TN,7,TN-7,578288,115496,148381,198625,115786,283131,295157,561453,61291,17582,43859,180146,121862,45543,113096,56200,516847,169296,494255,58811,7939,N,N,N,9621,20849,479302
Tennessee,TN,8,TN-8,525277,95988,118670,187803,122816,252231,273046,508600,59907,18116,42833,169280,122651,36762,83897,51738,464328,135635,411730,99356,6453,N,N,838,5701,9750,403854
Tennessee,TN,9,TN-9,507231,128416,126301,164660,87854,229788,277443,494516,104034,14189,50233,166751,130021,29313,75706,41018,442809,116724,143828,347105,6463,N,N,2680,N,9765,137622
Texas,TX,1,TX-1,511974,116139,115651,162219,117965,243891,268083,489794,66257,18830,46087,156657,145772,43087,67560,33981,447057,101541,398418,95185,5247,N,N,4255,5901,50490,354220
Texas,TX,2,TX-2,520180,110982,153422,165265,90511,252870,267310,513178,45949,11793,24897,110070,119188,39555,139402,75275,483490,214677,374579,67918,36469,N,N,28948,10300,116957,291204
Texas,TX,3,TX-3,563318,107159,151459,211761,92939,267900,295418,559484,31157,8645,14975,94468,128087,40702,179942,96499,539698,276441,417000,62190,59788,N,N,8533,12224,57426,371559
Texas,TX,4,TX-4,543354,101034,130722,185907,125691,264225,279129,527224,60598,12838,38195,185066,142801,44708,81208,38538,492321,119746,450691,62889,4482,N,N,13055,8982,48269,417038
Texas,TX,5,TX-5,480610,99057,124188,157352,100013,237717,242893,457691,49171,16829,46937,155923,130104,31560,65144,34113,416844,99257,370826,79554,5214,N,N,13173,8061,79549,307171
Texas,TX,6,TX-6,554709,125279,151253,187069,91108,265398,289311,548599,40104,13154,31777,147335,158199,48151,105062,51031,509778,156093,373722,119118,22896,N,N,17934,16609,95719,303004
Texas,TX,7,TX-7,448262,94925,122431,152485,78421,209156,239106,447412,32347,10368,19913,66639,99713,30932,138442,82255,417981,220697,298130,71129,40651,N,N,24145,12320,93548,233445
Texas,TX,8,TX-8,584039,114865,153896,199843,115435,292242,291797,554256,51546,17410,37689,155417,152589,44233,123230,53471,528940,176701,500072,51935,10603,N,N,8025,11311,87095,424082
Texas,TX,9,TX-9,445634,125106,112131,138785,69612,211591,234043,443690,60975,25222,39474,128128,119357,28687,68378,36388,380938,104766,141641,208780,49557,N,N,38209,6091,120680,62693
Texas,TX,10,TX-10,593629,124192,163629,195137,110671,288737,304892,583103,45323,16790,29862,127610,140595,40149,157916,80707,546977,238623,452663,68022,30569,N,N,24999,13675,115843,367912
Texas,TX,11,TX-11,542570,125640,132612,164392,119926,270606,271964,524915,56229,24329,53711,166071,146282,40536,80036,31605,464530,111641,478019,24543,5006,N,N,22550,9672,170218,339067
Texas,TX,12,TX-12,572411,126234,147586,195434,103157,275420,296991,560045,51359,15056,36154,163838,133565,47514,119430,56854,521201,176284,472228,52093,16010,N,N,16440,12047,98273,394380
Texas,TX,13,TX-13,493390,107099,120804,159812,105675,251525,241865,462703,54698,19071,42072,159735,134726,38262,69190,30334,432247,99524,431065,27053,7620,N,N,13323,10264,98343,351529
Texas,TX,14,TX-14,532153,110575,137967,180436,103175,266577,265576,501418,55633,16459,45405,155103,142733,46284,89302,36867,470289,126169,384154,112210,13195,N,N,11359,10314,97361,302300
Texas,TX,15,TX-15,435170,127796,109100,126966,71308,216790,218380,423944,69316,32919,50370,121086,112675,26700,64097,27323,351881,91420,379943,12712,6649,N,N,29321,6426,318150,95665
Texas,TX,16,TX-16,458940,133726,123299,124935,76980,227861,231079,446926,66463,32928,28235,109917,137063,39493,74350,36954,397777,111304,368827,18683,5641,N,N,50117,13062,354559,74701
Texas,TX,17,TX-17,550601,171731,129226,155299,94345,266019,284582,522495,86479,12257,38144,142991,155411,46023,102303,53472,500200,155775,438916,71168,21392,N,N,6034,10451,104304,346034
Texas,TX,18,TX-18,480387,126644,138713,144541,70489,233867,246520,462858,75981,25920,43522,141147,120080,29586,80038,40094,410945,120132,208568,215580,17534,N,N,28717,7835,135295,107589
Texas,TX,19,TX-19,509891,141466,125507,145193,97725,253073,256818,478854,73898,23661,46951,157415,139405,33887,75497,33075,439279,108572,429575,29977,5605,N,N,29663,10920,158311,306882
Texas,TX,20,TX-20,549483,160406,149365,153772,85940,266701,282782,538664,78203,27712,48629,157025,141805,47680,84894,41738,473142,126632,454208,34008,13058,5751,N,27207,15763,359225,137455
Texas,TX,21,TX-21,622228,142173,157270,194292,128493,300234,321994,609561,62856,10205,26047,121992,157308,39541,173724,93411,585976,267135,545917,26014,14202,N,N,16844,18607,152663,418194
Texas,TX,22,TX-22,577164,115523,160247,205845,95549,283653,293511,572542,37033,15242,23700,115783,141733,42643,149108,88955,538222,238063,363663,90540,96189,N,N,14120,10331,131296,253902
Texas,TX,23,TX-23,507547,122847,136998,153042,94660,255762,251785,495087,64674,38650,53003,152661,120113,36111,67459,39550,415894,107009,432414,22598,9643,N,N,33170,7572,323467,149430
Texas,TX,24,TX-24,503766,107198,135318,175632,85618,241559,262207,501043,27589,8057,20675,90158,115974,41621,153596,73685,475034,227281,356984,69184,46929,N,N,15268,11265,76490,299672
Texas,TX,25,TX-25,570238,120182,151528,184393,114135,286160,284078,538733,49268,15154,34531,140774,140900,34915,127533,76431,520553,203964,477742,47854,16429,N,N,11245,14079,85432,411296
Texas,TX,26,TX-26,605249,131803,172846,213256,87344,293998,311251,596433,37984,9183,25823,114186,161362,42384,174182,78129,570243,252311,485828,54444,29495,N,N,13496,16226,87452,420675
Texas,TX,27,TX-27,517267,108956,128370,165306,114635,249089,268178,504347,66523,25356,50656,168156,137109,40821,64258,30911,441255,95169,450131,30575,6770,N,N,19945,8192,244288,230403
Texas,TX,28,TX-28,434305,116088,112878,130291,75048,211486,222819,431020,71215,35638,48991,126697,107954,35198,54857,24970,349676,79827,380927,22504,N,N,N,17271,10001,308450,95644
Texas,TX,29,TX-29,369239,115825,94998,111250,47166,184052,185187,368373,53056,40532,51191,121854,87121,23151,31767,13623,277516,45390,250530,50559,7339,N,N,51102,6742,253013,54124
Texas,TX,30,TX-30,479082,122989,120418,156127,79548,226629,252453,466444,80570,24579,44705,149604,125965,29569,71420,33240,409798,104660,199737,246174,9420,N,N,12972,9549,108419,106998
Texas,TX,31,TX-31,602236,137130,172836,190521,101749,291279,310957,588627,45276,11734,27478,146309,157690,58782,133819,66424,563024,200243,464041,75995,22112,N,N,14600,21722,121927,369505
Texas,TX,32,TX-32,505867,120849,127369,166856,90793,241389,264478,501485,33312,13515,20925,93516,112584,32282,144523,88522,471427,233045,368510,64757,39905,N,N,17777,10758,81663,307844
Texas,TX,33,TX-33,360226,107457,87377,109125,56267,177253,182973,356444,57028,31822,51271,129159,82816,19899,32501,12758,277133,45259,211253,87623,9130,N,N,40240,8759,177006,79751
Texas,TX,34,TX-34,424863,111405,105261,121813,86384,210491,214372,410889,76627,37002,56102,138012,98966,30221,43871,20689,331759,64560,394847,N,N,N,N,17106,3934,337458,77793
Texas,TX,35,TX-35,532967,152919,153805,151784,74459,267072,265895,519488,89634,25979,47413,176969,128943,37367,84615,31681,459575,116296,407887,53412,7645,N,N,45363,14093,282126,180731
Texas,TX,36,TX-36,519385,111025,124400,176585,107375,256534,262851,500765,53382,20352,53698,178104,135197,40886,62026,29122,445335,91148,434194,55785,7186,N,N,8042,10489,97071,350581
Utah,UT,1,UT-1,521517,138536,148842,151996,82143,261025,260492,515287,40922,6163,31278,136499,149871,50547,102135,45024,484076,147159,479166,6697,7073,4950,N,9899,11974,49305,443992
Utah,UT,2,UT-2,529608,137185,146798,143419,102206,266242,263366,518139,54116,8771,31073,132552,140241,54991,103535,58445,489764,161980,469567,6167,10348,6580,4405,21509,11119,49995,444107
Utah,UT,3,UT-3,517848,166076,129325,139150,83297,257021,260827,505535,48167,4598,20274,95880,159756,53701,120570,63069,492976,183639,477127,2771,8430,7996,5263,5608,11033,35764,448612
Utah,UT,4,UT-4,518368,125929,171294,144381,76764,257209,261159,513240,27894,8612,29913,130940,139902,55582,106008,47411,479843,153419,452383,6601,15171,N,6179,22264,12652,55184,424024
Vermont,VT,At-large,VT-At-large,500274,100387,103384,173821,122682,244517,255757,478729,51013,8442,24270,148257,103584,39333,109047,67341,467562,176388,477697,4621,6816,N,N,1688,7971,8387,471163
Virginia,VA,1,VA-1,590281,115999,141411,210432,122439,288174,302107,575553,32713,14383,30751,162409,129072,45670,129361,78635,545147,207996,443661,100532,14981,N,N,12468,16444,46940,413771
Virginia,VA,2,VA-2,559397,140647,136454,172710,109586,278026,281371,525667,39039,7604,27051,133312,155611,51050,113919,70850,524742,184769,390382,113506,26459,N,N,8623,18247,35133,368594
Virginia,VA,3,VA-3,559137,144935,140818,174813,98571,265323,293814,534234,67289,11991,39245,160058,157950,51175,87587,51131,507901,138718,263911,255075,12965,N,N,6529,18190,23364,250743
Virginia,VA,4,VA-4,579606,127615,141627,196356,114008,277950,301656,552122,69142,16972,48195,166977,141145,44399,102397,59521,514439,161918,311503,238077,9381,N,N,5041,14130,19287,300456
Virginia,VA,5,VA-5,578531,109871,121923,197536,149201,277524,301007,549679,71010,19782,49096,181013,130059,42943,93319,62319,509653,155638,443231,111757,7846,N,N,N,12706,10652,435426
Virginia,VA,6,VA-6,582756,131680,119755,191356,139965,278155,304601,551076,74487,16493,44649,198634,129331,45022,95417,53210,521614,148627,496792,63253,8065,N,N,2958,10188,17271,485751
Virginia,VA,7,VA-7,588061,108547,142947,210231,126336,278885,309176,579054,42425,15614,35687,155344,121679,40984,138251,80502,536760,218753,428552,120402,20543,N,N,5757,10665,22073,415336
Virginia,VA,8,VA-8,533417,109243,168603,166271,89300,259240,274177,528006,29010,11602,14064,64619,68068,29638,172796,172630,507751,345426,364779,80064,55619,N,N,11088,20239,57449,325432
Virginia,VA,9,VA-9,567315,119009,111192,191661,145453,281110,286205,537046,101298,30760,53639,185195,137538,52281,64088,43814,482916,107902,521514,30983,5856,N,N,N,5571,6719,517463
Virginia,VA,10,VA-10,565197,98594,144436,219463,102704,278318,286879,561118,18701,8115,22691,95847,95638,35190,171923,135793,534391,307716,418603,40263,77765,N,N,8192,18856,43842,386646
Virginia,VA,11,VA-11,509988,108065,133940,181280,86703,252893,257095,503481,28904,10259,21190,70213,93911,33734,153067,127614,478539,280681,316427,68574,81213,N,N,16601,25252,61024,276078
Washington,WA,1,WA-1,519555,89058,139221,193442,97834,259298,260257,513626,31799,8117,21272,111183,128958,52577,132406,65042,490166,197448,439576,7523,38229,6702,N,9205,17522,29044,422876
Washington,WA,2,WA-2,558321,127235,132695,177757,120634,277303,281018,547881,51230,10157,28630,134157,153650,62004,110587,59136,519534,169723,460962,14808,41006,5897,N,9674,24402,41083,433913
Washington,WA,3,WA-3,544994,98922,130162,188493,127417,267783,277211,540961,46668,7448,31736,150910,151676,65612,90822,46790,505810,137612,484519,7022,15570,5586,N,8048,22498,28562,466885
Washington,WA,4,WA-4,443137,101079,104005,139372,98681,219857,223280,436739,48302,21318,40190,127794,114101,41301,62503,35930,381629,98433,365274,5862,7181,14208,N,36793,14254,102450,307149
Washington,WA,5,WA-5,551532,128261,125417,173298,124556,270788,280744,528622,71510,7590,30545,133086,160402,70858,96781,52270,513397,149051,495255,7413,10342,9288,N,8437,19289,28282,479564
Washington,WA,6,WA-6,570991,105695,133343,185911,146042,286913,284078,555996,50470,8491,31190,139666,156052,65801,104288,65503,531310,169791,477842,19327,22023,10385,N,5709,31401,31306,457984
Washington,WA,7,WA-7,600321,143720,177404,169461,109736,299820,300501,585893,51450,7538,14079,65331,115927,43354,218975,135117,578704,354092,473192,21442,58953,N,N,8241,33448,31156,453579
Washington,WA,8,WA-8,522952,90974,129726,201383,100869,255555,267397,518688,34677,7891,25808,131034,128630,54068,114799,60722,489253,175521,426475,15109,36359,6081,N,14373,21074,34785,410162
Washington,WA,9,WA-9,499184,104339,134537,163081,97227,249316,249868,492776,44073,13959,23194,104160,110487,44581,131984,70819,462031,202803,285686,57935,99253,N,5952,18848,27340,39942,267759
Washington,WA,10,WA-10,544552,127027,139911,168782,108832,269010,275542,533246,46965,8073,30935,147847,144136,58128,101863,53570,505544,155433,420200,35399,35136,7007,9054,9094,28764,43249,392772
West Virginia,WV,1,WV-1,486327,101752,104414,159942,120219,240272,246055,467069,68380,10920,34959,192057,104127,35146,66447,42671,440448,109118,462081,13371,2775,N,N,N,6955,N,458735
West Virginia,WV,2,WV-2,487208,85419,110323,172084,119382,238345,248863,477780,65445,18069,42310,191095,100460,36034,63357,35883,426829,99240,453599,21858,3418,N,N,1016,6118,8296,446953
West Virginia,WV,3,WV-3,457623,80052,100024,157192,120355,222773,234850,444168,88765,22335,47870,184220,97108,30933,45863,29294,387418,75157,430698,19291,N,N,N,N,5001,N,428964
Wisconsin,WI,1,WI-1,539789,97284,122993,202358,117154,265317,274472,527799,43388,9791,29884,168799,129989,53501,100122,47703,500114,147825,487118,27692,7632,N,N,6490,8892,35068,460877
Wisconsin,WI,2,WI-2,577976,140415,138504,184902,114155,282335,295641,563251,59134,7952,25388,135229,131829,56604,140560,80414,544636,220974,522674,23347,15632,N,N,4803,8666,20082,508442
Wisconsin,WI,3,WI-3,566700,132563,118693,186191,129253,282813,283887,539696,65049,13703,26906,183262,145575,67520,88990,40744,526091,129734,538023,6298,10003,N,N,2354,7533,10272,530635
Wisconsin,WI,4,WI-4,493143,130598,127685,150055,84805,231471,261672,478705,89003,14040,43574,146683,120520,35705,82535,50086,435529,132621,277019,159622,12181,N,N,26780,15105,58795,248998
Wisconsin,WI,5,WI-5,558805,98106,131851,197688,131160,269326,289479,548155,34963,6497,21693,152528,121611,54786,135880,65810,530615,201690,521119,15192,11636,N,N,3374,6724,19530,506808
Wisconsin,WI,6,WI-6,556485,102408,122332,200105,131640,279627,276858,535367,44006,10713,31526,189317,131008,61275,91514,41132,514246,132646,524716,11267,9340,N,N,2436,5943,16238,511469
Wisconsin,WI,7,WI-7,552651,86048,115957,206377,144269,276779,275872,542845,48200,13395,32755,192544,121212,69293,84204,39248,506501,123452,522802,3120,7622,9955,N,1587,7380,8268,517010
Wisconsin,WI,8,WI-8,556205,101057,128912,200720,125516,275043,281162,544705,41391,9904,27884,194402,118939,64895,98775,41406,518417,140181,516153,7776,8678,13341,N,3322,7892,15514,505294
Wyoming,WY,At-large,WY-At-large,433644,86967,106361,144337,95979,219788,213856,422610,42105,6797,25914,128479,120333,46062,67939,38120,400933,106059,404463,N,2909,10144,N,N,8188,32683,378267
