,Congressional District,State,State Abbreviation,District Number,Total Votes,Republican Candidate,Republican Votes,Republican Percent,Democrat Candidate,Democrat Votes,Democrat Percent,Winner
0,CA-1,California,CA,1,583188,Doug La Malfa,320092,0.5488658888728849,Audrey Denney,263096,0.4511341111271151,republican
1,CA-10,California,CA,10,443800,Jeff Denham,211910,0.4774898602974313,Josh Harder,231890,0.5225101397025688,democrat
2,CA-11,California,CA,11,551362,John Fitzgerald,142624,0.25867578832055893,Mark DeSaulnier,408738,0.7413242116794411,democrat
3,CA-12,California,CA,12,634144,Lisa Remmer,83560,0.13176817883635264,Nancy Pelosi,550584,0.8682318211636474,democrat
4,CA-14,California,CA,14,533646,Cristina Osmena,110878,0.20777444223324076,Jackie Speier,422768,0.7922255577667593,democrat
5,CA-15,California,CA,15,487858,Rudy L. Peters Jr.,131880,0.2703245616552357,Eric Swalwell,355978,0.7296754383447642,democrat
6,CA-16,California,CA,16,285918,Elizabeth Heng,121386,0.4245482970641932,Jim Costa,164532,0.5754517029358067,democrat
7,CA-17,California,CA,17,422324,Ron Cohen,104114,0.246526363644974,Ro Khanna,318210,0.753473636355026,democrat
8,CA-18,California,CA,18,604476,Christine Russell,154192,0.2550837419517069,Anna G. Eshoo,450284,0.7449162580482931,democrat
9,CA-19,California,CA,19,440638,Justin James Aguilera,115646,0.2624512638492368,Zoe Lofgren,324992,0.7375487361507632,democrat
10,CA-2,California,CA,2,631314,Dale K. Mensing,145152,0.22992045162945857,Jared Huffman,486162,0.7700795483705415,democrat
11,CA-21,California,CA,21,227232,David G. Valadao,112754,0.4962065202084214,TJ Cox,114478,0.5037934797915786,democrat
12,CA-22,California,CA,22,444758,Devin G. Nunes,234486,0.5272215451998615,Andrew Janz,210272,0.4727784548001385,republican
13,CA-23,California,CA,23,411548,Kevin McCarthy,262226,0.6371699048470653,Tatiana Matta,149322,0.3628300951529348,republican
14,CA-24,California,CA,24,568862,Justin Fareed,235762,0.41444497962599014,Salud Carbajal,333100,0.5855550203740099,democrat
15,CA-25,California,CA,25,490044,Steve Knight,223626,0.45633861449175994,Katie Hill,266418,0.5436613855082401,democrat
16,CA-26,California,CA,26,510852,"Antonio Sabato, Jr.",194420,0.3805798939810356,Julia Brownley,316432,0.6194201060189644,democrat
17,CA-28,California,CA,28,501868,Johnny J. Nalbandian,108544,0.21627997800218385,Adam B. Schiff,393324,0.7837200219978162,democrat
18,CA-29,California,CA,29,309384,Benito Benny Bernal,59990,0.19390142993819978,Tony Cardenas,249394,0.8060985700618002,democrat
19,CA-3,California,CA,3,464502,Charlie Schaupp,194752,0.4192705305897499,John Garamendi,269750,0.5807294694102502,democrat
20,CA-30,California,CA,30,521986,Mark S. Reed,138840,0.2659841451686444,Brad Sherman,383146,0.7340158548313557,democrat
21,CA-31,California,CA,31,374990,Sean Flynn,154704,0.41255500146670576,Pete Aguilar,220286,0.5874449985332942,democrat
22,CA-32,California,CA,32,354062,Joshua M. Scott,110544,0.31221650445402216,Grace Flores Napolitano,243518,0.6877834955459778,democrat
23,CA-33,California,CA,33,625720,Kenneth Weston Wright,187538,0.2997155277120757,Ted W. Lieu,438182,0.7002844722879243,democrat
24,CA-35,California,CA,35,298048,Christian Leonel Valiente,91208,0.3060178226325961,Norma J. Torres,206840,0.6939821773674039,democrat
25,CA-36,California,CA,36,414016,Kimberlin Brown Pelzer,169678,0.40983440253516773,Raul Ruiz,244338,0.5901655974648323,democrat
26,CA-37,California,CA,37,472756,Ron J. Bassilian,51646,0.10924451514100297,Karen Bass,421110,0.890755484858997,democrat
27,CA-38,California,CA,38,404312,Ryan Downing,125936,0.31148222165060646,Linda T. Sanchez,278376,0.6885177783493935,democrat
28,CA-39,California,CA,39,488786,Young Kim,236782,0.4844287684180807,Gil Cisneros,252004,0.5155712315819193,democrat
29,CA-4,California,CA,4,681308,Tom McClintock,368802,0.5413146477070576,Jessica Morse,312506,0.4586853522929424,republican
30,CA-41,California,CA,41,332496,Aja Smith,116042,0.3490026947692604,Mark Takano,216454,0.6509973052307396,democrat
31,CA-42,California,CA,42,463864,Ken Calvert,262080,0.5649931876584516,Julia C Peacock,201784,0.43500681234154837,republican
32,CA-43,California,CA,43,392104,Omar Navarro,87560,0.22330810193214046,Maxine Waters,304544,0.7766918980678595,democrat
33,CA-45,California,CA,45,610578,Mimi Walters,292766,0.4794899259390283,Katie Porter,317812,0.5205100740609717,democrat
34,CA-46,California,CA,46,295832,Russell Rene Lambert,91276,0.3085399821520322,Lou Correa,204556,0.6914600178479677,democrat
35,CA-47,California,CA,47,442072,John Briscoe,155364,0.3514450134819667,Alan Lowenthal,286708,0.6485549865180332,democrat
36,CA-48,California,CA,48,589472,Dana Rohrabacher,273798,0.46448007708593453,Harley Rouda,315674,0.5355199229140655,democrat
37,CA-49,California,CA,49,590060,Diane L. Harkey,257154,0.4358099176354947,Mike Levin,332906,0.5641900823645053,democrat
38,CA-50,California,CA,50,519620,Duncan Hunter,268724,0.5171548439244062,Ammar Campa-Najjar,250896,0.4828451560755937,republican
39,CA-51,California,CA,51,307656,Juan M. Hidalgo Jr.,88602,0.2879904828769795,Juan Vargas,219054,0.7120095171230205,democrat
40,CA-52,California,CA,52,592014,Omar Qudrat,214030,0.36152861249902873,Scott Peters,377984,0.6384713875009712,democrat
41,CA-53,California,CA,53,537588,Morgan Murtaugh,166254,0.30925913524855464,Susan A. Davis,371334,0.6907408647514454,democrat
42,CA-7,California,CA,7,563234,Andrew Grant,253202,0.44955027572909306,Ami Bera,310032,0.550449724270907,democrat
43,CA-9,California,CA,9,401526,Marla Livengood,174698,0.4350851501521695,Jerry McNerney,226828,0.5649148498478306,democrat
44,GA-1,Georgia,GA,1,250683,"Earl L. """"Buddy"""" Carter",144741,0.577386579863812,Lisa M. Ring,105942,0.4226134201361879,republican
45,GA-2,Georgia,GA,2,229171,Herman West Jr,92472,0.40350655187610995,Sanford Bishop,136699,0.59649344812389,democrat
46,GA-3,Georgia,GA,3,293006,Drew Ferguson,191996,0.6552630321563381,Chuck Enderlin,101010,0.3447369678436619,republican
47,GA-4,Georgia,GA,4,288809,Joe Profit,61092,0.21153080409544023,"Henry C """"Hank"""" Johnson Jr",227717,0.7884691959045598,democrat
48,GA-6,Georgia,GA,6,317032,Karen Handel,156875,0.4948238663604936,Lucy McBath,160139,0.5051193570365137,democrat
49,GA-7,Georgia,GA,7,280441,Rob Woodall,140430,0.5007470377013347,Carolyn Bourdeaux,140011,0.49925296229866534,republican
50,GA-9,Georgia,GA,9,282578,Doug Collins,224661,0.795040661339524,Josh McCall,57912,0.2049416444309182,republican
51,GA-10,Georgia,GA,10,302735,Jody Hice,190396,0.6289196822303335,Tabitha A. Johnson-Green,112339,0.37108031776966655,republican
52,GA-11,Georgia,GA,11,310540,Barry Loudermilk,191887,0.6179139563341276,Flynn D. Broady Jr,118653,0.38208604366587234,republican
53,GA-12,Georgia,GA,12,250492,Rick W. Allen,148986,0.594773485779985,Francys Johnson,101503,0.40521453778963,republican
54,GA-13,Georgia,GA,13,293010,David Callahan,69760,0.2380806115832224,David Scott,223157,0.7616019931060374,democrat
55,GA-14,Georgia,GA,14,229724,Tom Graves,175743,0.7650180216259511,Steven Lamar Foster,53981,0.23498197837404886,republican
56,FL-1,Florida,FL,1,644776,Matt Gaetz,216189,0.33529318709133094,Jennifer M. Zimmerman,106199,0.16470681290866906,republican
57,FL-1,Florida,FL,1,644776,Matt Gaetz,216189,0.33529318709133094,Jennifer M. Zimmerman,106199,0.16470681290866906,republican
58,FL-1,Florida,FL,1,644776,Matt Gaetz,216189,0.33529318709133094,Jennifer M. Zimmerman,106199,0.16470681290866906,republican
59,FL-1,Florida,FL,1,644776,Matt Gaetz,216189,0.33529318709133094,Jennifer M. Zimmerman,106199,0.16470681290866906,republican
60,FL-11,Florida,FL,11,735012,Daniel Webster,239395,0.3257021654068233,Dana Cottrell,128053,0.1742189243168819,republican
61,FL-11,Florida,FL,11,735012,Daniel Webster,239395,0.3257021654068233,Dana Cottrell,128053,0.1742189243168819,republican
62,FL-11,Florida,FL,11,735012,Daniel Webster,239395,0.3257021654068233,Dana Cottrell,128053,0.1742189243168819,republican
63,FL-11,Florida,FL,11,735012,Daniel Webster,239395,0.3257021654068233,Dana Cottrell,128053,0.1742189243168819,republican
64,FL-12,Florida,FL,12,669836,Gus Michael Bilirakis,194564,0.2904651287777904,Chris Hunter,132844,0.19832317164201388,republican
65,FL-12,Florida,FL,12,669836,Gus Michael Bilirakis,194564,0.2904651287777904,Chris Hunter,132844,0.19832317164201388,republican
66,FL-12,Florida,FL,12,669836,Gus Michael Bilirakis,194564,0.2904651287777904,Chris Hunter,132844,0.19832317164201388,republican
67,FL-12,Florida,FL,12,669836,Gus Michael Bilirakis,194564,0.2904651287777904,Chris Hunter,132844,0.19832317164201388,republican
68,FL-13,Florida,FL,13,633942,George Buck,134254,0.21177647166460023,Charlie Crist,182717,0.28822352833539977,democrat
69,FL-13,Florida,FL,13,633942,George Buck,134254,0.21177647166460023,Charlie Crist,182717,0.28822352833539977,democrat
70,FL-13,Florida,FL,13,633942,George Buck,134254,0.21177647166460023,Charlie Crist,182717,0.28822352833539977,democrat
71,FL-13,Florida,FL,13,633942,George Buck,134254,0.21177647166460023,Charlie Crist,182717,0.28822352833539977,democrat
72,FL-15,Florida,FL,15,571064,Ross Spano,151380,0.26508412367090206,Kristen Carlson,134132,0.23488085398484232,republican
73,FL-15,Florida,FL,15,571064,Ross Spano,151380,0.26508412367090206,Kristen Carlson,134132,0.23488085398484232,republican
74,FL-15,Florida,FL,15,571064,Ross Spano,151380,0.26508412367090206,Kristen Carlson,134132,0.23488085398484232,republican
75,FL-15,Florida,FL,15,571064,Ross Spano,151380,0.26508412367090206,Kristen Carlson,134132,0.23488085398484232,republican
76,FL-16,Florida,FL,16,723892,Vern Buchanan,197483,0.2728072695927017,David Shapiro,164463,0.22719273040729832,republican
77,FL-16,Florida,FL,16,723892,Vern Buchanan,197483,0.2728072695927017,David Shapiro,164463,0.22719273040729832,republican
78,FL-16,Florida,FL,16,723892,Vern Buchanan,197483,0.2728072695927017,David Shapiro,164463,0.22719273040729832,republican
79,FL-16,Florida,FL,16,723892,Vern Buchanan,197483,0.2728072695927017,David Shapiro,164463,0.22719273040729832,republican
80,FL-17,Florida,FL,17,621040,Greg Steube,193326,0.31129395852119024,Allen Ellison,117194,0.18870604147880973,republican
81,FL-17,Florida,FL,17,621040,Greg Steube,193326,0.31129395852119024,Allen Ellison,117194,0.18870604147880973,republican
82,FL-17,Florida,FL,17,621040,Greg Steube,193326,0.31129395852119024,Allen Ellison,117194,0.18870604147880973,republican
83,FL-17,Florida,FL,17,621040,Greg Steube,193326,0.31129395852119024,Allen Ellison,117194,0.18870604147880973,republican
84,FL-18,Florida,FL,18,684718,Brian Mast,185905,0.2715059338296934,Lauren Baer,156454,0.2284940661703066,republican
85,FL-18,Florida,FL,18,684718,Brian Mast,185905,0.2715059338296934,Lauren Baer,156454,0.2284940661703066,republican
86,FL-18,Florida,FL,18,684718,Brian Mast,185905,0.2715059338296934,Lauren Baer,156454,0.2284940661703066,republican
87,FL-18,Florida,FL,18,684718,Brian Mast,185905,0.2715059338296934,Lauren Baer,156454,0.2284940661703066,republican
88,FL-19,Florida,FL,19,679214,Francis Rooney,211465,0.31133781105807595,David Holden,128106,0.18860918650086717,republican
89,FL-19,Florida,FL,19,679214,Francis Rooney,211465,0.31133781105807595,David Holden,128106,0.18860918650086717,republican
90,FL-19,Florida,FL,19,679214,Francis Rooney,211465,0.31133781105807595,David Holden,128106,0.18860918650086717,republican
91,FL-19,Florida,FL,19,679214,Francis Rooney,211465,0.31133781105807595,David Holden,128106,0.18860918650086717,republican
92,FL-2,Florida,FL,2,591136,Neal Dunn,199335,0.33720666648622316,Bob Rackleff,96233,0.16279333351377687,republican
93,FL-2,Florida,FL,2,591136,Neal Dunn,199335,0.33720666648622316,Bob Rackleff,96233,0.16279333351377687,republican
94,FL-2,Florida,FL,2,591136,Neal Dunn,199335,0.33720666648622316,Bob Rackleff,96233,0.16279333351377687,republican
95,FL-2,Florida,FL,2,591136,Neal Dunn,199335,0.33720666648622316,Bob Rackleff,96233,0.16279333351377687,republican
96,FL-22,Florida,FL,22,595366,Nicolas Kimaz,113049,0.18988151825935642,Ted Deutch,184634,0.31011848174064355,democrat
97,FL-22,Florida,FL,22,595366,Nicolas Kimaz,113049,0.18988151825935642,Ted Deutch,184634,0.31011848174064355,democrat
98,FL-22,Florida,FL,22,595366,Nicolas Kimaz,113049,0.18988151825935642,Ted Deutch,184634,0.31011848174064355,democrat
99,FL-22,Florida,FL,22,595366,Nicolas Kimaz,113049,0.18988151825935642,Ted Deutch,184634,0.31011848174064355,democrat
100,FL-23,Florida,FL,23,552732,Joseph 'Joe' Kaufman,99446,0.1799172112343776,Debbie Wasserman Schultz,161611,0.29238582170020916,democrat
101,FL-23,Florida,FL,23,552732,Joseph 'Joe' Kaufman,99446,0.1799172112343776,Debbie Wasserman Schultz,161611,0.29238582170020916,democrat
102,FL-23,Florida,FL,23,552732,Joseph 'Joe' Kaufman,99446,0.1799172112343776,Debbie Wasserman Schultz,161611,0.29238582170020916,democrat
103,FL-23,Florida,FL,23,552732,Joseph 'Joe' Kaufman,99446,0.1799172112343776,Debbie Wasserman Schultz,161611,0.29238582170020916,democrat
104,FL-25,Florida,FL,25,425690,Mario Diaz-Balart,128672,0.30226690784373605,Mary Barzee Flores,84173,0.19773309215626395,republican
105,FL-25,Florida,FL,25,425690,Mario Diaz-Balart,128672,0.30226690784373605,Mary Barzee Flores,84173,0.19773309215626395,republican
106,FL-25,Florida,FL,25,425690,Mario Diaz-Balart,128672,0.30226690784373605,Mary Barzee Flores,84173,0.19773309215626395,republican
107,FL-25,Florida,FL,25,425690,Mario Diaz-Balart,128672,0.30226690784373605,Mary Barzee Flores,84173,0.19773309215626395,republican
108,FL-26,Florida,FL,26,470950,Carlos Curbelo,115678,0.24562692430194288,Debbie Mucarsel-Powell,119797,0.2543730756980571,democrat
109,FL-26,Florida,FL,26,470950,Carlos Curbelo,115678,0.24562692430194288,Debbie Mucarsel-Powell,119797,0.2543730756980571,democrat
110,FL-26,Florida,FL,26,470950,Carlos Curbelo,115678,0.24562692430194288,Debbie Mucarsel-Powell,119797,0.2543730756980571,democrat
111,FL-26,Florida,FL,26,470950,Carlos Curbelo,115678,0.24562692430194288,Debbie Mucarsel-Powell,119797,0.2543730756980571,democrat
112,FL-27,Florida,FL,27,505172,Maria Elvira Salazar,115588,0.22880919765941105,Donna Shalala,130743,0.2588088809356021,democrat
113,FL-27,Florida,FL,27,505172,Maria Elvira Salazar,115588,0.22880919765941105,Donna Shalala,130743,0.2588088809356021,democrat
114,FL-27,Florida,FL,27,505172,Maria Elvira Salazar,115588,0.22880919765941105,Donna Shalala,130743,0.2588088809356021,democrat
115,FL-27,Florida,FL,27,505172,Maria Elvira Salazar,115588,0.22880919765941105,Donna Shalala,130743,0.2588088809356021,democrat
116,FL-3,Florida,FL,3,612992,Ted Yoho,176616,0.2881212152850282,Yvonne Hayes Hinson,129880,0.21187878471497182,republican
117,FL-3,Florida,FL,3,612992,Ted Yoho,176616,0.2881212152850282,Yvonne Hayes Hinson,129880,0.21187878471497182,republican
118,FL-3,Florida,FL,3,612992,Ted Yoho,176616,0.2881212152850282,Yvonne Hayes Hinson,129880,0.21187878471497182,republican
119,FL-3,Florida,FL,3,612992,Ted Yoho,176616,0.2881212152850282,Yvonne Hayes Hinson,129880,0.21187878471497182,republican
120,FL-4,Florida,FL,4,762498,John H. Rutherford,248420,0.3257975758624941,George 'Ges' Selmont,123351,0.1617722275992855,republican
121,FL-4,Florida,FL,4,762498,John H. Rutherford,248420,0.3257975758624941,George 'Ges' Selmont,123351,0.1617722275992855,republican
122,FL-4,Florida,FL,4,762498,John H. Rutherford,248420,0.3257975758624941,George 'Ges' Selmont,123351,0.1617722275992855,republican
123,FL-4,Florida,FL,4,762498,John H. Rutherford,248420,0.3257975758624941,George 'Ges' Selmont,123351,0.1617722275992855,republican
124,FL-5,Florida,FL,5,540652,Virginia Fuller,89799,0.1660939014375236,Al Lawson,180527,0.33390609856247644,democrat
125,FL-5,Florida,FL,5,540652,Virginia Fuller,89799,0.1660939014375236,Al Lawson,180527,0.33390609856247644,democrat
126,FL-5,Florida,FL,5,540652,Virginia Fuller,89799,0.1660939014375236,Al Lawson,180527,0.33390609856247644,democrat
127,FL-5,Florida,FL,5,540652,Virginia Fuller,89799,0.1660939014375236,Al Lawson,180527,0.33390609856247644,democrat
128,FL-6,Florida,FL,6,667298,Michael Waltz,187891,0.28156985334887863,Nancy Soderberg,145758,0.2184301466511214,republican
129,FL-6,Florida,FL,6,667298,Michael Waltz,187891,0.28156985334887863,Nancy Soderberg,145758,0.2184301466511214,republican
130,FL-6,Florida,FL,6,667298,Michael Waltz,187891,0.28156985334887863,Nancy Soderberg,145758,0.2184301466511214,republican
131,FL-6,Florida,FL,6,667298,Michael Waltz,187891,0.28156985334887863,Nancy Soderberg,145758,0.2184301466511214,republican
132,FL-7,Florida,FL,7,634796,Mike Miller,134285,0.2115404003805947,Stephanie Murphy,183113,0.2884595996194053,democrat
133,FL-7,Florida,FL,7,634796,Mike Miller,134285,0.2115404003805947,Stephanie Murphy,183113,0.2884595996194053,democrat
134,FL-7,Florida,FL,7,634796,Mike Miller,134285,0.2115404003805947,Stephanie Murphy,183113,0.2884595996194053,democrat
135,FL-7,Florida,FL,7,634796,Mike Miller,134285,0.2115404003805947,Stephanie Murphy,183113,0.2884595996194053,democrat
136,FL-8,Florida,FL,8,721054,Bill Posey,218112,0.3024905208209094,Sanjay Patel,142415,0.19750947917909062,republican
137,FL-8,Florida,FL,8,721054,Bill Posey,218112,0.3024905208209094,Sanjay Patel,142415,0.19750947917909062,republican
138,FL-8,Florida,FL,8,721054,Bill Posey,218112,0.3024905208209094,Sanjay Patel,142415,0.19750947917909062,republican
139,FL-8,Florida,FL,8,721054,Bill Posey,218112,0.3024905208209094,Sanjay Patel,142415,0.19750947917909062,republican
140,FL-9,Florida,FL,9,593474,Wayne Liebnitzky,124565,0.20989125050128565,Darren Soto,172172,0.29010874949871435,democrat
141,FL-9,Florida,FL,9,593474,Wayne Liebnitzky,124565,0.20989125050128565,Darren Soto,172172,0.29010874949871435,democrat
142,FL-9,Florida,FL,9,593474,Wayne Liebnitzky,124565,0.20989125050128565,Darren Soto,172172,0.29010874949871435,democrat
143,FL-9,Florida,FL,9,593474,Wayne Liebnitzky,124565,0.20989125050128565,Darren Soto,172172,0.29010874949871435,democrat
144,IL-1,Illinois,IL,1,257885,"Jimmy Lee Tillman, Ii",50960,0.19760746068984236,Bobby L. Rush,189560,0.735056323555073,democrat
145,IL-10,Illinois,IL,10,238664,Douglas R. Bennett,82124,0.34409881674655585,Brad Schneider,156540,0.6559011832534442,democrat
146,IL-11,Illinois,IL,11,227765,Nick Stella,82358,0.3615919917458784,Bill Foster,145407,0.6384080082541216,democrat
147,IL-12,Illinois,IL,12,261543,Mike Bost,134884,0.5157239918483767,Brendan Kelly,118724,0.4539368287432659,republican
148,IL-13,Illinois,IL,13,270981,Rodney Davis,136516,0.5037843981681372,Betsy Dirksen Londrigan,134458,0.49618976976245566,republican
149,IL-14,Illinois,IL,14,297199,Randall M. \Randy\ Hultgren,141164,0.4749814097624824,Lauren Underwood,156035,0.5250185902375176,democrat
150,IL-15,Illinois,IL,15,255608,John M. Shimkus,181294,0.7092657506807298,Kevin Gaither,74309,0.2907146881161779,republican
151,IL-16,Illinois,IL,16,255825,Adam Kinzinger,151254,0.5912401055408971,Sara Dady,104569,0.40875207661487345,republican
152,IL-17,Illinois,IL,17,229749,William W. \Bill\ Fawell,87090,0.37906585012339555,Cheri Bustos,142659,0.6209341498766044,democrat
153,IL-18,Illinois,IL,18,291413,Darin Lahood,195927,0.6723344531644093,Junius Rodriguez,95486,0.32766554683559074,republican
154,IL-2,Illinois,IL,2,235251,David Merkle,44567,0.18944446569833923,Robin Kelly,190684,0.8105555343016608,democrat
155,IL-3,Illinois,IL,3,223334,Arthur J. Jones,57885,0.25918579347524334,Daniel William Lipinski,163053,0.7300858803406557,democrat
156,IL-4,Illinois,IL,4,166189,Mark Wayne Lorch,22294,0.13414846951362605,Jesus \Chuy\ Garcia,143895,0.865851530486374,democrat
157,IL-5,Illinois,IL,5,279131,Tom Hanson,65134,0.2333456334122688,Mike Quigley,213992,0.7666364538514174,democrat
158,IL-6,Illinois,IL,6,315446,Peter J. Roskam,146445,0.4642474464726134,Sean Casten,169001,0.5357525535273866,democrat
159,IL-7,Illinois,IL,7,246243,Craig Cameron,30497,0.1238492058657505,Danny K. Davis,215746,0.8761507941342495,democrat
160,IL-8,Illinois,IL,8,197127,Jitendra \Jd\ Diganvker,67073,0.3402527304732482,Raja Krishnamoorthi,130054,0.6597472695267518,democrat
161,IL-9,Illinois,IL,9,290351,John D. Elleson,76983,0.26513771263057473,Janice D. Schakowsky,213368,0.7348622873694253,democrat
162,KS-1,Kansas,KS,1,224640,Roger Marshall,153082,0.6814547720797721,Alan LaPolice,71558,0.31854522792022794,republican
163,KS-2,Kansas,KS,2,264688,Steve Watkins,126098,0.4764024058514175,Paul Davis,123859,0.46794338995345464,republican
164,KS-3,Kansas,KS,3,318301,Kevin Yoder,139762,0.43908753035648646,Sharice Davids,170518,0.5357130514827161,democrat
165,KS-4,Kansas,KS,4,242693,Ron Estes,144248,0.5943640731294269,James A. Thompson,98445,0.4056359268705731,republican
166,MD-1,Maryland,MD,1,198965,Andy Harris,125480,0.6306636845676376,Jesse Colvin,69255,0.3480762948257231,republican
167,MD-2,Maryland,MD,2,163502,Liz Matory,54335,0.33232009394380496,C.A. Dutch Ruppersberger,103194,0.6311482428349501,democrat
168,MD-3,Maryland,MD,3,190528,Charles Anthony,59156,0.3104845482028888,John Sarbanes,125744,0.6599764863957004,democrat
169,MD-4,Maryland,MD,4,167362,George McDermott,35936,0.2147201873782579,Anthony G. Brown,127602,0.7624311372952044,democrat
170,MD-5,Maryland,MD,5,196483,"William A. Devine, III",58775,0.2991352941475853,Steny H. Hoyer,132119,0.672419496852145,democrat
171,MD-6,Maryland,MD,6,188146,Amie Hoeber,79335,0.4216672158855357,David Trone,102591,0.5452733515461397,democrat
172,MD-7,Maryland,MD,7,160698,Richmond Davis,36756,0.228727177687339,Elijah Cummings,119773,0.7453297489701178,democrat
173,MD-8,Maryland,MD,8,205535,John Walsh,72054,0.3505680297759506,Jamie Raskin,129637,0.6307295594424307,democrat
174,MI-1,Michigan,MI,1,332497,Jack Bergman,187251,0.5631659834524823,Matthew W. Morgan,145246,0.43683401654751775,republican
175,MI-10,Michigan,MI,10,303064,Paul Mitchell,182808,0.6031993242351451,Kimberly Bizon,106061,0.34996238418287884,republican
176,MI-11,Michigan,MI,11,350901,Lena Epstein,158463,0.4515889096924774,Haley Stevens,181912,0.5184140256083625,democrat
177,MI-12,Michigan,MI,12,294628,Jeff Jones,85115,0.28888971856035406,Debbie Dingell,200588,0.680817844875572,democrat
178,MI-14,Michigan,MI,14,264994,Marc S. Herschfus,45899,0.17320769526857213,Brenda Lawrence,214334,0.8088258602081556,democrat
179,MI-2,Michigan,MI,2,305463,Bill Huizenga,168970,0.5531602845516478,Rob Davidson,131254,0.429688702068663,republican
180,MI-3,Michigan,MI,3,310740,Justin Amash,169107,0.5442073759413014,Cathy Albro,134185,0.43182403295359467,republican
181,MI-4,Michigan,MI,4,285050,John Moolenaar,178510,0.6262410103490615,Jerry Hilliard,106540,0.37375898965093846,republican
182,MI-5,Michigan,MI,5,276413,Travis Wines,99265,0.3591184206242109,Daniel T. Kildee,164502,0.595131198604986,democrat
183,MI-6,Michigan,MI,6,293438,Fred Upton,147436,0.5024434463157464,Matt Longjohn,134082,0.4569346846693339,republican
184,MI-7,Michigan,MI,7,295060,Tim Walberg,158730,0.5379583813461669,Gretchen Driskell,136330,0.46204161865383314,republican
185,MI-8,Michigan,MI,8,341593,Mike Bishop,159782,0.46775548679276213,Elissa Slotkin,172880,0.5060993638628426,democrat
186,MI-9,Michigan,MI,9,304563,Candius Stearns,112123,0.3681438651444857,Andy Levin,181734,0.5967041301799628,democrat
187,NY-1,New York,NY,1,270053,Lee M. Zeldin,121562,0.45014126856580006,Perry Gershon,124213,0.4599578601237535,democrat
188,NY-2,New York,NY,2,241217,Peter T. King,112565,0.4666545061086076,Liuba Grechen Shirley,108803,0.4510585903978575,republican
189,NY-3,New York,NY,3,267062,Dan P. DeBono,98716,0.3696370131280377,Thomas R. Suozzi,149937,0.5614314279081262,democrat
190,NY-4,New York,NY,4,260206,Ameer N. Benno,90306,0.3470557942553208,Kathleen M. Rice,156728,0.60232277503209,democrat
191,NY-9,New York,NY,9,203423,Lutchi Gayot,18702,0.0919365066880343,Yvette D. Clarke,167269,0.8222718178377076,democrat
192,NY-10,New York,NY,10,210958,Naomi Levin,33692,0.1597095156381839,Jerrold L. Nadler,162131,0.768546345718105,democrat
193,NY-11,New York,NY,11,192173,Dan Donovan,80440,0.4185811742544478,Max N. Rose,96850,0.503972982677067,democrat
194,NY-12,New York,NY,12,251877,Eliot Rabin,30446,0.12087645954176046,Carolyn B. Maloney,205858,0.8172957435573712,democrat
195,NY-13,New York,NY,13,190688,Jineea Butler,9535,0.050003146501090785,Adriano Espaillat,171341,0.8985410723275717,democrat
196,NY-14,New York,NY,14,141204,Anthony Pappas,19202,0.13598764907509703,Alexandria Ocasio-Cortez,110318,0.7812668196368375,democrat
197,NY-15,New York,NY,15,129751,Jason D. Gonzalez,4566,0.0351904802275127,Jose E. Serrano,122007,0.9403164522816779,democrat
198,NY-18,New York,NY,18,251690,James O'Donnell,96345,0.3827923238905002,Sean Patrick Maloney,126368,0.5020779530374667,democrat
199,NY-19,New York,NY,19,287986,John J. Faso,112304,0.38996340099865967,Antonio Delgado,135582,0.4707937191391248,democrat
200,NY-20,New York,NY,20,266014,Joe Vitollo,89058,0.3347868909155157,Paul D. Tonko,161330,0.606471839827979,democrat
201,NY-21,New York,NY,21,235267,Elise M. Stefanik,116433,0.49489728691231666,Tedra L. Cobb,93394,0.3969702508214072,republican
202,NY-22,New York,NY,22,251212,Claudia Tenney,110125,0.4383747591675557,Anthony J. Brindisi,116001,0.46176536152731557,democrat
203,NY-23,New York,NY,23,240374,"Thomas W. Reed, II",114722,0.47726459600455956,Tracy Mitrano,100914,0.41982077928561323,republican
204,NY-24,New York,NY,24,260477,John M. Katko,113538,0.43588493417844953,Dana Balter,115902,0.44496059153015427,democrat
205,NY-25,New York,NY,25,270120,Jim Maxwell,91342,0.3381534132977936,Joseph D. Morelle,147979,0.547826891751814,democrat
206,NY-26,New York,NY,26,230663,Renee M. Zeno,61488,0.2665707113841405,Brian Higgins,156968,0.680507927149131,democrat
207,NY-27,New York,NY,27,285300,Chris Collins,114506,0.40135296179460217,Nathan D. McMurray,128167,0.44923589204346304,democrat
208,PA-1,Pennsylvania,PA,1,329798,Brian K Fitzpatrick,169053,0.5125955888149716,Henry Scott Wallace,160745,0.4874044111850284,republican
209,PA-2,Pennsylvania,PA,2,201982,David Torres,42382,0.2098305789624818,Brendan F Boyle,159600,0.7901694210375182,democrat
210,PA-3,Pennsylvania,PA,3,307997,Bryan E Leib,20387,0.06619220317081011,Dwight Evans,287610,0.9338077968291899,democrat
211,PA-4,Pennsylvania,PA,4,332991,Daniel David,121467,0.3647756245664297,Madeleine Dean Cunnane ,211524,0.6352243754335702,democrat
212,PA-5,Pennsylvania,PA,5,304714,Pearl Kim,106075,0.34811331281135754,Mary Gay Scanlon,198639,0.6518866871886425,democrat
213,PA-6,Pennsylvania,PA,6,301828,Gregory Michael  Mccauley Sr.,124124,0.41124083915342513,Christina Jampoler Houlahan,177704,0.5887591608465749,democrat
214,PA-7,Pennsylvania,PA,7,263261,Martin W Nothstein,114437,0.43469028834502643,Susan Ellis Wild,140813,0.534879834081007,democrat
215,PA-8,Pennsylvania,PA,8,248166,John Robert Chrin,112563,0.45357945891056795,Matthew Alton Cartwright,135603,0.546420541089432,democrat
216,PA-9,Pennsylvania,PA,9,248927,Daniel Meuser,148723,0.5974562823639059,Dennis Wolff,100204,0.4025437176360941,republican
217,PA-10,Pennsylvania,PA,10,291033,Scott G Perry,149365,0.5132235863286981,George B Scott,141668,0.48677641367130187,republican
218,PA-11,Pennsylvania,PA,11,277584,Lloyd K Smucker,163708,0.5897602167271889,Jessica King,113876,0.41023978327281113,republican
219,PA-12,Pennsylvania,PA,12,243872,Thomas A Marino,161047,0.6603751148143289,Marc Friedenberg,82825,0.3396248851856712,republican
220,PA-13,Pennsylvania,PA,13,253266,John Joyce,178533,0.7049228873990192,Brent M Ottaway,74733,0.2950771126009808,republican
221,PA-14,Pennsylvania,PA,14,261437,Guy L Reschenthaler,151386,0.5790534622107811,Bibiana Boerio,110051,0.4209465377892188,republican
222,PA-15,Pennsylvania,PA,15,243572,Glenn William  Thompson Jr.,165245,0.6784236283316637,Susan Boser,78327,0.32157637166833625,republican
223,PA-16,Pennsylvania,PA,16,262396,George J  Kelly Jr.,135348,0.5158157898748457,Ronald A Dinicola,124109,0.4729835820667998,republican
224,PA-17,Pennsylvania,PA,17,325579,Keith Rothfus,142417,0.43742686106904927,Conor James Lamb,183162,0.5625731389309507,democrat
225,SC-1,South Carolina,SC,1,287433,Katie Arrington,141473,0.492194702765514,Joe Cunningham,145455,0.5060483660540022,democrat
226,SC-2,South Carolina,SC,2,257139,Joe Wilson,144642,0.5625051042432303,Sean Carrigan,109199,0.424669147814995,republican
227,SC-3,South Carolina,SC,3,226204,Jeff Duncan,153338,0.6778748386412266,Mary Geren,70046,0.3096585383105515,republican
228,SC-4,South Carolina,SC,4,243950,William Timmons,145321,0.5956999385119902,Brandon P Brown,89182,0.36557491289198607,republican
229,SC-5,South Carolina,SC,5,248579,Ralph W Norman,141757,0.5702694113340225,Archie Parnell,103129,0.4148741446381231,republican
230,SC-6,South Carolina,SC,6,206433,Gerhard R Gressmann,58282,0.28232889121409854,James E Jim Clyburn,144765,0.7012686925055587,democrat
231,SC-7,South Carolina,SC,7,239554,Tom Rice,142681,0.5956110104611069,Robert Williams,96564,0.4030990924801924,republican
232,TN-1,Tennessee,TN,1,224282,Phil Roe,172835,0.7706146725996736,Marty Olsen,47138,0.2101729073220321,republican
233,TN-2,Tennessee,TN,2,262134,Tim Burchett,172856,0.6594184653650423,Renee Hoyos,86668,0.33062479495220004,republican
234,TN-3,Tennessee,TN,3,245765,Chuck Fleischmann,156512,0.6368360018717067,Danielle Mitchell,84731,0.3447643073667935,republican
235,TN-4,Tennessee,TN,4,232451,Scott DesJarlais,147323,0.6337808828527303,Mariah Phillips,78065,0.3358342188246125,republican
236,TN-5,Tennessee,TN,5,262248,Jody M. Ball,84317,0.3215162746713035,Jim Cooper,177923,0.6784532198529636,democrat
237,TN-6,Tennessee,TN,6,248740,John Rose,172810,0.6947414971456138,Dawn Barlow,70370,0.2829058454611241,republican
238,TN-7,Tennessee,TN,7,254384,Mark E. Green,170071,0.6685601295678973,Justin Kanew,81661,0.3210146864582678,republican
239,TN-8,Tennessee,TN,8,248345,David Kustoff,168030,0.6765990859489822,Erika Stotts Pearson,74755,0.3010127041011496,republican
240,TN-9,Tennessee,TN,9,181476,Charlotte Bergmann,34901,0.1923174414247614,Steve Cohen,145139,0.7997696665123762,democrat
241,TX-1,Texas,TX,1,232720,Louie Gohmert,168165,0.7226065658301822,Shirley J. McKellar,61263,0.26324767961498796,republican
242,TX-2,Texas,TX,2,263392,Dan Crenshaw,139188,0.5284442959543191,Todd Litton,119992,0.45556432997205687,republican
243,TX-3,Texas,TX,3,312511,Van Taylor,169520,0.5424449059393109,Lorie Burch,138234,0.44233322987030854,republican
244,TX-4,Texas,TX,4,249245,John Ratcliffe,188667,0.7569540010832715,Catherine Krantz,57400,0.23029549238700878,republican
245,TX-5,Texas,TX,5,209507,Lance Gooden,130617,0.6234493358217148,Dan Wood,78666,0.3754814874920647,republican
246,TX-6,Texas,TX,6,256042,Ron Wright,135961,0.5310105373337187,Jana Lynne Sanchez,116350,0.45441763460682233,republican
247,TX-7,Texas,TX,7,243601,John Culberson,115642,0.4747189050948067,Lizzie Pannill Fletcher,127959,0.5252810949051934,democrat
248,TX-8,Texas,TX,8,273170,Kevin Brady,200619,0.7344108064575173,Steven David,67930,0.24867298751693084,republican
249,TX-10,Texas,TX,10,307827,Michael T. McCaul,157166,0.5105659997336166,Mike Siegel,144034,0.4679056742910791,republican
250,TX-11,Texas,TX,11,220377,Mike Conaway,176603,0.8013676563343725,Jennie Lou Leeder,40631,0.1843704197806486,republican
251,TX-12,Texas,TX,12,268491,Kay Granger,172557,0.6426919338078372,Vanessa Adia,90994,0.33890893921956416,republican
252,TX-13,Texas,TX,13,207285,Mac Thornberry,169027,0.8154328581421714,Greg Sagan,35083,0.16925006633379164,republican
253,TX-14,Texas,TX,14,234528,Randy Weber,138942,0.5924324600900532,Adrienne Bell,92212,0.3931811979806249,republican
254,TX-15,Texas,TX,15,164802,Tim Westley,63862,0.3875074331622189,Vicente Gonzalez,98333,0.5966735840584458,democrat
255,TX-16,Texas,TX,16,181754,Rick Seeberger,49127,0.2702939137515543,Veronica Escobar,124437,0.6846451797484512,democrat
256,TX-17,Texas,TX,17,237351,Bill Flores,134841,0.5681079919612726,Rick Kennedy,98070,0.41318553534638575,republican
257,TX-18,Texas,TX,18,184332,Ava Reynero Pate,38368,0.20814617103921185,Sheila Jackson Lee,138704,0.7524683722847905,democrat
258,TX-19,Texas,TX,19,201985,Jodey Arrington,151946,0.7522637819640072,Miguel Levario,50039,0.24773621803599277,republican
259,TX-21,Texas,TX,21,353617,Chip Roy,177654,0.5023910049573409,Joseph Kopser,168421,0.476280834914611,republican
260,TX-22,Texas,TX,22,297405,Pete Olson,152750,0.5136093878717574,Sri Preston Kulkarni,138153,0.46452816865889945,republican
261,TX-23,Texas,TX,23,210069,Will Hurd,103285,0.4916717840328654,Gina Ortiz Jones,102359,0.4872637085909868,republican
262,TX-24,Texas,TX,24,263418,Kenny E Marchant,133317,0.5061043664442065,Jan McDowell,125231,0.47540790682489426,republican
263,TX-25,Texas,TX,25,304553,Roger Williams,163023,0.5352861406717386,Julie Oliver,136385,0.4478202480356457,republican
264,TX-26,Texas,TX,26,312505,Michael C. Burgess,185551,0.593753699940801,Linsey Fagan,121938,0.39019535687429,republican
265,TX-27,Texas,TX,27,207421,Michael Cloud,125118,0.6032079683349323,Eric Holguin,75929,0.3660622598483278,republican
266,TX-29,Texas,TX,29,117494,Phillip Aronoff,28098,0.23914412650858768,Sylvia R. Garcia,88188,0.7505744974211449,democrat
267,TX-31,Texas,TX,31,286007,John Carter,144680,0.5058617446426137,"Mary Jennings """"MJ"""" Hegar",136362,0.4767785403853752,republican
268,TX-32,Texas,TX,32,275620,Pete Sessions,126101,0.45751759669109643,Colin Allred,144067,0.5227015456062695,democrat
269,TX-33,Texas,TX,33,119224,Willie Billups,26120,0.21908340602563242,Marc Veasey,90805,0.7616335637120043,democrat
270,TX-34,Texas,TX,34,143068,Rey Gonzalez,57243,0.4001104369949954,Filemon B. Vela,85825,0.5998895630050046,democrat
271,TX-35,Texas,TX,35,194067,David Smalling,50553,0.2604925103186013,Lloyd Doggett,138278,0.7125271169235368,democrat
272,TX-36,Texas,TX,36,221956,Brian Babin,161048,0.7255852511308548,Dayna Steele,60908,0.27441474886914524,republican
273,VA-1,Virginia,VA,1,332101,"Robert J. ""Rob"" Wittman",183250,0.5517899675098841,Vangie A. Williams,148464,0.4470447243459068,republican
274,VA-2,Virginia,VA,2,273400,Scott W. Taylor,133458,0.48814191660570594,Elaine G. Luria,139571,0.5105010972933431,democrat
275,VA-4,Virginia,VA,4,299854,Ryan A. McAdams,107706,0.35919480813996146,A. Donald McEachin,187642,0.6257778785675695,democrat
276,VA-5,Virginia,VA,5,310926,"Denver L. Riggleman, III",165339,0.5317631848092472,Leslie C. Cockburn,145040,0.4664775541447161,republican
277,VA-6,Virginia,VA,6,281377,Ben L. Cline,167957,0.5969109060086645,Jennifer Lynn Lewis,113133,0.4020691101262719,republican
278,VA-7,Virginia,VA,7,349803,Dave A. Brat,169295,0.48397240732640945,Abigail A. Spanberger,176079,0.503366180392964,democrat
279,VA-8,Virginia,VA,8,324748,Thomas S. Oh,76899,0.2367959156022516,"Donald S. Beyer, Jr.",247137,0.7610116151600625,democrat
280,VA-9,Virginia,VA,9,246980,H. Morgan Griffith,160933,0.6516033686938214,Anthony J. Flaccavento,85833,0.3475301643857802,republican
281,VA-10,Virginia,VA,10,367795,Barbara J. Comstock,160841,0.4373115458339564,Jennifer T. Wexton,206356,0.5610625484305115,democrat
282,VA-11,Virginia,VA,11,308250,Jeff A. Dove Jr.,83023,0.26933657745336576,Gerald Edward Connolly,219191,0.7110819140308191,democrat
283,WA-1,Washington,WA,1,332743,Jeffrey Beeler,135534,0.40732336968771693,Suzan DelBene,197209,0.592676630312283,democrat
284,WA-3,Washington,WA,3,307226,Jaime Herrera Beutler,161819,0.5267099789731338,Carolyn Long,145407,0.47329002102686624,republican
285,WA-4,Washington,WA,4,225336,Dan Newhouse,141551,0.628177477189619,Christine Brown,83785,0.3718225228103809,republican
286,WA-5,Washington,WA,5,320347,Cathy McMorris Rodgers,175422,0.5475999463082221,Lisa Brown,144925,0.452400053691778,republican
287,WA-6,Washington,WA,6,323086,Douglas Dightman,116677,0.36113294912190563,Derek Kilmer,206409,0.6388670508780944,democrat
288,WA-7,Washington,WA,7,394681,Craig Keller,64881,0.1643884554868362,Pramila Jayapal,329800,0.8356115445131638,democrat
289,WA-8,Washington,WA,8,313057,Dino Rossi,148968,0.4758494459475431,Kim Schrier,164089,0.5241505540524569,democrat
290,WA-10,Washington,WA,10,270075,Joseph Brumbles ,103860,0.3845598444876423,Denny Heck,166215,0.6154401555123576,democrat
291,AZ-1,Arizona,AZ,1,266089,Wendy Rogers,122784,0.4614395935194615,Tom O'Halleran,143240,0.538316127310787,democrat
292,AZ-2,Arizona,AZ,2,294152,Lea Marquez Peterson,133083,0.45242935625118985,Ann Kirkpatrick,161000,0.5473360711468901,democrat
293,AZ-3,Arizona,AZ,3,179518,"Nicolas ""Nick"" Pierson",64868,0.3613453804075357,Raul Grijalva,114650,0.6386546195924643,democrat
294,AZ-4,Arizona,AZ,4,277035,Paul Gosar,188842,0.6816539426426264,David Brill,84521,0.3050914144422185,republican
295,AZ-5,Arizona,AZ,5,313064,Andy Biggs,186037,0.5942459049906729,Joan Greene,127027,0.4057540950093272,republican
296,AZ-6,Arizona,AZ,6,313699,David Schweikert,173140,0.5519303536192337,Anita Malik,140559,0.4480696463807663,republican
297,AZ-8,Arizona,AZ,8,304417,Debbie Lesko,168835,0.5546175147905669,Hiral Tipirneni,135569,0.4453397806298597,republican
298,AZ-9,Arizona,AZ,9,261245,Stephen L Ferrara,101662,0.3891442898428678,Greg Stanton,159583,0.6108557101571322,democrat
299,AL-1,Alabama,AL,1,242617,Bradley Byrne,153228,0.6315633282086581,Robert Kennedy Jr.,89226,0.36776483098876006,republican
300,AL-2,Alabama,AL,2,226230,Martha Roby,138879,0.6138841002519559,Tabitha Isner,86931,0.38425938204482163,republican
301,AL-3,Alabama,AL,3,231915,Mike Rogers,147770,0.6371731022141733,Mallory Hagan,83996,0.36218442101632065,republican
302,AL-4,Alabama,AL,4,230969,Robert Aderholt,184255,0.7977477496980114,Lee Auman,46492,0.20129108235304305,republican
303,AL-6,Alabama,AL,6,278328,Gary Palmer,192542,0.6917809203529649,Danner Kline,85644,0.30770889023023196,republican
304,AK-0,Alaska,AK,0,282166,Don Young,149779,0.5308187379060553,Alyse S. Galvin,131199,0.46497097453272185,republican
305,AR-1,Arkansas,AR,1,201245,Rick Crawford,138757,0.689492906656066,Chintan Desai,57907,0.28774379487689133,republican
306,AR-2,Arkansas,AR,2,253453,French Hill,132125,0.5212998070648207,Clarke Tucker,116135,0.45821118708399583,republican
307,AR-3,Arkansas,AR,3,229708,Steve Womack,148717,0.6474175910286102,Josh Mahony,74952,0.3262925104915806,republican
308,AR-4,Arkansas,AR,4,204892,Bruce Westerman,136740,0.6673759834449369,Hayden Catherine Shamel,63984,0.3122815922534799,republican
309,CO-1,Colorado,CO,1,369693,Charles Casper Stockham,85207,0.23048042565047214,Diana DeGette,272886,0.738142188248087,democrat
310,CO-2,Colorado,CO,2,430614,Peter Yu,144901,0.3364985810958306,Joe Neguse,259608,0.6028786802101186,democrat
311,CO-3,Colorado,CO,3,336189,Scott R. Tipton,173205,0.515201270713795,Diane Mitsch Bush,146426,0.43554667166385574,republican
312,CO-4,Colorado,CO,4,369582,Ken Buck,224038,0.6061929422969733,Karen McCormick,145544,0.39380705770302665,republican
313,CO-5,Colorado,CO,5,322645,Doug Lamborn,184002,0.5702924266608812,Stephany Rose Spaulding,126848,0.3931503665018829,republican
314,CO-6,Colorado,CO,6,346817,Mike Coffman,148685,0.42871312536582695,Jason Crow,187639,0.5410317256651203,democrat
315,CO-7,Colorado,CO,7,338006,Mark Barrington,119734,0.3542363153316805,Ed Perlmutter,204260,0.6043087992520842,democrat
316,DE-0,Delaware,DE,0,352737,Scott Walker,125384,0.3554603004504773,Lisa Blunt Rochester,227353,0.6445396995495227,democrat
317,HI-1,Hawaii,HI,1,184211,Cam Cavasso,42498,0.2307028353355663,Ed Case,134650,0.7309552632578945,democrat
318,HI-2,Hawaii,HI,2,198121,Brian Evans,44850,0.22637681013118247,Tulsi Gabbard,153271,0.7736231898688175,democrat
319,ID-1,Idaho,ID,1,315069,Russ Fulcher,197719,0.6275419035195465,Cristina McNeil,96922,0.3076215051306222,republican
320,ID-2,Idaho,ID,2,280655,Mike Simpson,170274,0.6067021788316617,Aaron Swisher,110381,0.39329782116833834,republican
321,IN-1,Indiana,IN,1,245209,Mark Leyva,85594,0.3490654910708824,Peter J. Visclosky,159611,0.6509181963141647,democrat
322,IN-2,Indiana,IN,2,228889,Jackie Walorski,125499,0.5482963357784778,Mel Hall,103363,0.45158570311373636,republican
323,IN-3,Indiana,IN,3,245537,Jim Banks,158927,0.6472629379686158,Courtney Tritch,86610,0.3527370620313843,republican
324,IN-4,Indiana,IN,4,244363,Jim Baird,156539,0.6406002545393533,Tobi Beck,87824,0.3593997454606467,republican
325,IN-5,Indiana,IN,5,317177,Susan W. Brooks,180035,0.5676168196306794,Dee Thornton,137142,0.4323831803693206,republican
326,IN-6,Indiana,IN,6,241726,Greg Pence,154260,0.6381605619585812,Jeannine Lee Lake,79430,0.3285951862852982,republican
327,IN-7,Indiana,IN,7,217596,"Wayne ""Gunny"" Harmon",76457,0.3513713487380283,Andre D. Carson,141139,0.6486286512619718,democrat
328,IN-8,Indiana,IN,8,244291,Larry D. Bucshon,157396,0.6442971701781891,William Tanoos,86895,0.3557028298218109,republican
329,IN-9,Indiana,IN,9,271361,Trey Hollingsworth,153271,0.5648232428388752,Liz Watson,118090,0.43517675716112486,republican
330,IA-1,Iowa,IA,1,334243,Rod Blum,153442,0.45907318926649177,Abby Finkenauer,170342,0.5096352055241247,democrat
331,IA-2,Iowa,IA,2,312913,Christopher Peters,133287,0.42595545726767503,Dave Loebsack,171446,0.5479030912745715,democrat
332,IA-3,Iowa,IA,3,356241,David Young,167933,0.4714027863160052,Cindy Axne,175642,0.49304263125243863,democrat
333,IA-4,Iowa,IA,4,313251,Steve King,157676,0.5033535407708196,J.D. Scholten,147246,0.4700575576773897,republican
334,KY-1,Kentucky,KY,1,251016,James R. Comer,172167,0.6858805813175256,Paul Walker,78849,0.31411941868247445,republican
335,KY-2,Kentucky,KY,2,257345,S. Brett Guthrie,171700,0.6671977306728322,Hank Linderman,79964,0.31072684528551164,republican
336,KY-3,Kentucky,KY,3,278720,Vickie Yates B. Glisson,101930,0.3657075200918484,John A. Yarmuth,173002,0.6207017795637199,democrat
337,KY-4,Kentucky,KY,4,261812,Thomas Massie,162946,0.622377889477946,Seth Hall,90536,0.3458053870716392,republican
338,KY-5,Kentucky,KY,5,218017,"Harold ""Hal"" Rogers",172093,0.789355875917933,Kenneth S. Stepp,45890,0.21048817294064223,republican
339,KY-6,Kentucky,KY,6,302888,Andy Barr,154468,0.5099838884340087,Amy McGrath,144736,0.4778531998626555,republican
340,LA-1,Louisiana,LA,1,269325,Steve Scalise,192555,0.714954051796157,Lee Ann Dugas,18560,0.06891302329898821,republican
341,LA-1,Louisiana,LA,1,269325,Steve Scalise,192555,0.714954051796157,"""Jim"" Francis",8688,0.03225842383737121,republican
342,LA-1,Louisiana,LA,1,269325,Steve Scalise,192555,0.714954051796157,Tammy M. Savoie,44273,0.16438503666573842,republican
343,LA-3,Louisiana,LA,3,245943,"""Josh"" Guillory",31387,0.12761900115067312,"""Rob"" Anderson",13477,0.05479724976925548,republican
344,LA-3,Louisiana,LA,3,245943,"""Josh"" Guillory",31387,0.12761900115067312,"Mildred ""Mimi"" Methvin",43729,0.1778013604778343,democrat
345,LA-3,Louisiana,LA,3,245943,"""Josh"" Guillory",31387,0.12761900115067312,Larry Rader,9692,0.039407504990993845,republican
346,LA-3,Louisiana,LA,3,245943,"""Josh"" Guillory",31387,0.12761900115067312,Verone Thomas,7815,0.03177565533477269,republican
347,LA-3,Louisiana,LA,3,245943,Clay Higgins,136876,0.5565354574027316,"""Rob"" Anderson",13477,0.05479724976925548,republican
348,LA-3,Louisiana,LA,3,245943,Clay Higgins,136876,0.5565354574027316,"Mildred ""Mimi"" Methvin",43729,0.1778013604778343,republican
349,LA-3,Louisiana,LA,3,245943,Clay Higgins,136876,0.5565354574027316,Larry Rader,9692,0.039407504990993845,republican
350,LA-3,Louisiana,LA,3,245943,Clay Higgins,136876,0.5565354574027316,Verone Thomas,7815,0.03177565533477269,republican
351,LA-4,Louisiana,LA,4,216872,"""Mike"" Johnson",139326,0.6424342469290641,Ryan Trundle,72934,0.3362997528496071,republican
352,LA-5,Louisiana,LA,5,223946,Ralph Abraham,149018,0.6654193421628428,Jessee Carlton Fleenor,67118,0.2997061791681923,republican
353,LA-6,Louisiana,LA,6,268525,Garret Graves,186553,0.6947323340471092,Justin Dewitt,55089,0.2051540824876641,republican
354,LA-6,Louisiana,LA,6,268525,Garret Graves,186553,0.6947323340471092,"""Andie"" Saizan",21627,0.08053998696583185,republican
355,ME-1,Maine,ME,1,342053,Mark I. Holbrook,111188,0.32506073620169973,Chellie Pingree,201195,0.5881983201433696,democrat
356,ME-2,Maine,ME,2,281371,Bruce Poliquin,138931,0.4937644604454617,Jared F. Golden,142440,0.5062355395545383,democrat
357,MA-2,Massachusetts,MA,2,284893,Tracy Lyn Lovvorn,93391,0.3278107921219546,James P. McGovern,191332,0.6715924926200363,democrat
358,MA-3,Massachusetts,MA,3,279327,Rick Green,93445,0.3345362245683375,Lori Loureiro Trahan,173175,0.6199722905411936,democrat
359,MA-5,Massachusetts,MA,5,311324,John Hugo,74856,0.24044403900759337,Katherine M. Clark,236243,0.7588332412534852,democrat
360,MA-6,Massachusetts,MA,6,333975,Joseph S. Schneider,104798,0.3137899543378995,Seth W. Moulton,217703,0.6518541807021484,democrat
361,MA-9,Massachusetts,MA,9,323928,Peter D. Tedeschi,131463,0.40584018670815736,Bill Keating,192347,0.5937955348102048,democrat
362,MS-1,Mississippi,MS,1,236521,Trent Kelly,158245,0.6690526422600953,Randy Mack Wadkins,76601,0.32386553413861774,republican
363,MS-3,Mississippi,MS,3,257271,Michael Guest,160284,0.6230161969285306,Michael Ted Evans,94461,0.36716536259430715,republican
364,MS-4,Mississippi,MS,4,223732,Steven Palazzo,152633,0.6822135412010799,Jeramey Anderson,68787,0.3074526665832335,republican
365,MO-1,Missouri,MO,1,274375,Robert Vroman,45867,0.16716902050113897,Lacy Clay,219781,0.801024145785877,democrat
366,MO-2,Missouri,MO,2,376066,Ann Wagner,192477,0.5118170746624263,Cort VanOstran,177611,0.47228677944828834,republican
367,MO-3,Missouri,MO,3,324608,Blaine Luetkemeyer,211243,0.6507633822949527,Katy Geppert,106589,0.32836220918769715,republican
368,MO-4,Missouri,MO,4,293316,Vicky Hartzler,190138,0.6482360321291712,Renee Hoagenson,95968,0.32718296990276696,republican
369,MO-5,Missouri,MO,5,283785,Jacob Turk,101069,0.35614637842028296,"Emanuel Cleaver, II",175019,0.6167309759148651,democrat
370,MO-6,Missouri,MO,6,305409,Sam Graves,199796,0.6541915922582504,Henry Robert Martin,97660,0.319767917775835,republican
371,MO-7,Missouri,MO,7,296455,Billy Long,196343,0.6623028790204247,Jamie Daniel Schoolcraft,89190,0.3008551044846604,republican
372,MO-8,Missouri,MO,8,264399,Jason Smith,194042,0.7338983884205311,Kathy Ellis,66151,0.2501938358314517,republican
373,MT-0,Montana,MT,0,504421,Greg Gianforte,256661,0.5088229871476405,Kathleen Williams,233284,0.4624787627795036,republican
374,NE-1,Nebraska,NE,1,234781,Jeff Fortenberry,141712,0.6035922838730562,Jessica McClure,93069,0.3964077161269438,republican
375,NE-2,Nebraska,NE,2,248485,Don Bacon,126715,0.5099502988107935,Kara Eastman,121770,0.4900497011892066,republican
376,NE-3,Nebraska,NE,3,213304,Adrian Smith,163650,0.7672148670442186,Paul Theobald,49654,0.23278513295578143,republican
377,NV-1,Nevada,NV,1,152201,Joyce Bentley,46978,0.3086576303703655,Dina Titus,100707,0.6616710796906722,democrat
378,NV-2,Nevada,NV,2,287537,Mark E. Amodei,167435,0.5823076682305234,Clint Koble,120102,0.4176923317694766,republican
379,NV-3,Nevada,NV,3,286168,Danny Tarkanian,122566,0.42830085823711944,Susie Lee,148501,0.5189294400492018,democrat
380,NV-4,Nevada,NV,4,234868,Cresent Hardy,102748,0.4374712604526798,Steven A. Horsford,121962,0.5192789141134595,democrat
381,NH-1,New Hampshire,NH,1,291039,Eddie Edwards,130996,0.4500977532220768,Chris Pappas,155884,0.5356120657368943,democrat
382,NH-2,New Hampshire,NH,2,279705,Steven Negron,117990,0.42183729286212257,Anne McLane Kuster,155358,0.5554351906472891,democrat
383,NJ-1,New Jersey,NJ,1,263418,Paul E. Dilks,87617,0.33261584250127174,Donald W. Norcross,169628,0.6439499198991716,democrat
384,NJ-2,New Jersey,NJ,2,258363,Seth Grossman,116866,0.4523325708402519,Jeff Van Drew,136685,0.5290424712516885,democrat
385,NJ-3,New Jersey,NJ,3,306875,Tom MacArthur,149500,0.48716904276985745,Andy Kim,153473,0.5001156822810591,democrat
386,NJ-5,New Jersey,NJ,5,301823,John J. McCann Jr.,128255,0.42493448146761514,Josh Gottheimer,169546,0.5617398276473298,democrat
387,NJ-6,New Jersey,NJ,6,221195,Richard J. Pezzullo,80443,0.3636745857727345,Frank Pallone Jr.,140752,0.6363254142272655,democrat
388,NJ-7,New Jersey,NJ,7,322742,Leonard Lance,150785,0.4671998066567103,Tom Malinowski,166985,0.5173946991714744,democrat
389,NJ-8,New Jersey,NJ,8,153455,John R. Muniz,28725,0.18718842657456583,Albio Sires,119881,0.781212733374605,democrat
390,NJ-9,New Jersey,NJ,9,200416,Eric P. Fisher,57854,0.288669567300016,Bill Pascrell Jr.,140832,0.702698387354303,democrat
391,NJ-10,New Jersey,NJ,10,200159,Agha Khan,20191,0.10087480453039833,Donald M. Payne Jr.,175253,0.8755689227064484,democrat
392,NJ-11,New Jersey,NJ,11,323574,Jay Webber,136322,0.42130084617429087,Mikie Sherrill,183684,0.567672309888928,democrat
393,NJ-12,New Jersey,NJ,12,252375,Daryl Kipnis,79041,0.3131887072808321,Bonnie Watson Coleman,173334,0.6868112927191679,democrat
394,NM-1,New Mexico,NM,1,249162,Janice E Arnold-Jones,90507,0.3632455992486816,Debra A Haaland,147336,0.5913261251715751,democrat
395,NM-2,New Mexico,NM,2,199256,Yvette Herrell,97767,0.4906602561528887,Xochitl Torres Small,101489,0.5093397438471112,democrat
396,NM-3,New Mexico,NM,3,244893,Jerald Steve McFall,76427,0.3120832363522028,Ben R Lujan,155201,0.6337502501092314,democrat
397,OH-1,Ohio,OH,1,300871,Steve Chabot,154409,0.5132066566734581,Aftab Pureval,141118,0.4690315783176178,republican
398,OH-2,Ohio,OH,2,289661,Brad Wenstrup,166714,0.5755486586043685,Jill Schiller,119333,0.4119746876521175,republican
399,OH-3,Ohio,OH,3,246677,Jim Burgess,65040,0.26366463026548886,Joyce Beatty,181575,0.7360840289123023,democrat
400,OH-4,Ohio,OH,4,257405,Jim Jordan,167993,0.6526407800936268,Janet Garrett,89412,0.34735921990637325,republican
401,OH-5,Ohio,OH,5,283617,Bob Latta,176569,0.6225614120451172,J. Michael Galbraith,99655,0.35137174428895307,republican
402,OH-6,Ohio,OH,6,249490,Bill Johnson,172774,0.6925087177842799,Shawna Roberts,76716,0.3074912822157201,republican
403,OH-7,Ohio,OH,7,260653,Bob Gibbs,153117,0.5874361699270678,Ken Harbaugh,107536,0.41256383007293224,republican
404,OH-8,Ohio,OH,8,261133,Warren Davidson,173852,0.6657603596634665,Vanessa Enoch,87281,0.3342396403365335,republican
405,OH-9,Ohio,OH,9,231937,Steven W. Kraus,74670,0.3219408718746901,Marcy Kaptur,157219,0.6778521753752097,democrat
406,OH-10,Ohio,OH,10,281726,Mike Turner,157554,0.5592455080468256,Theresa A. Gasper,118785,0.42163307610941125,republican
407,OH-11,Ohio,OH,11,250660,Beverly A. Goldstein,44486,0.17747546477299928,Marcia L. Fudge,206138,0.8223809143860209,democrat
408,OH-12,Ohio,OH,12,341647,Troy Balderson,175677,0.5142061835754448,Danny O'Connor,161251,0.4719813140463695,republican
409,OH-13,Ohio,OH,13,251370,Chris DePizzo,98047,0.3900505231332299,Tim Ryan,153323,0.6099494768667701,democrat
410,OH-14,Ohio,OH,14,307358,David P. Joyce,169809,0.5524795189973907,Betsy Rader,137549,0.4475204810026093,republican
411,OH-15,Ohio,OH,15,292443,Steve Stivers,170593,0.5833376076705546,Rick Neal,116112,0.3970414747489254,republican
412,OH-16,Ohio,OH,16,299710,Anthony Gonzalez,170029,0.5673117346768543,Susan Moran Palmer,129681,0.4326882653231457,republican
413,OK-1,Oklahoma,OK,1,253171,Kevin Hern,150129,0.5929944582910365,Tim Gilpin,103042,0.4070055417089635,republican
414,OK-2,Oklahoma,OK,2,216002,Markwayne Mullin,140451,0.6502300904621253,Jason Nichols,65021,0.30102036092258405,republican
415,OK-3,Oklahoma,OK,3,234065,Frank D. Lucas,172913,0.73873923910025,Frankie Robbins,61152,0.2612607608997501,republican
416,OK-4,Oklahoma,OK,4,236638,Tom Cole,149227,0.6306130038286327,Mary Brannon,78088,0.32998926630549613,republican
417,OK-5,Oklahoma,OK,5,238960,Steve Russell,117811,0.49301556745898895,Kendra Horn,121149,0.506984432541011,democrat
418,OR-1,Oregon,OR,1,363249,John Verbeek,116446,0.3205679850460703,Suzanne Bonamici,231198,0.6364725023331104,democrat
419,OR-2,Oregon,OR,2,368709,Greg Walden,207597,0.5630375173917642,Jamie McLeod-Skinner,145298,0.39407229007157407,republican
420,OR-3,Oregon,OR,3,384326,Tom Harrison,76187,0.19823535227905476,Earl Blumenauer,279019,0.725995639118873,democrat
421,OR-4,Oregon,OR,4,372893,Art Robinson,152414,0.40873387271952005,Peter DeFazio,208710,0.5597047946730027,democrat
422,OR-5,Oregon,OR,5,358469,Mark Callahan,149887,0.41813099598570586,Kurt Schrader,197187,0.5500810390856671,democrat
423,RI-1,Rhode Island,RI,1,174083,Patrick J. Donovan,57567,0.3306870860451624,David N. Cicilline,116099,0.6669175048683674,democrat
424,RI-2,Rhode Island,RI,2,199197,Salvatore G. Caiozzo,72271,0.3628116889310582,James R. Langevin,126476,0.6349292409022225,democrat
425,SD-0,South Dakota,SD,0,335471,"Dustin ""Dusty"" Johnson",202446,0.6034679599726951,Tim Bjorkman,120816,0.3601384322340828,republican
426,UT-1,Utah,UT,1,254333,Rob Bishop,156692,0.6160899293445994,Lee Castillo,63308,0.2489177574282535,republican
427,UT-2,Utah,UT,2,270044,Chris Stewart,151489,0.5609789515782613,Shireen Ghorbani,105051,0.38901438284131473,republican
428,UT-3,Utah,UT,3,258858,John Curtis,174856,0.6754900370087075,James Courage Singer,70686,0.2730686322230721,republican
429,UT-4,Utah,UT,4,269271,Mia B. Love,134270,0.49864263140107923,Ben McAdams,134964,0.5012199605601791,democrat
430,VT-0,Vermont,VT,0,272451,Anya Tynio,70705,0.2595145549107913,Peter Welch,188547,0.6920400365570323,democrat
431,CT-1,Connecticut,CT,1,274140,Jennifer T Nye,96024,0.3502735828408842,John B Larson,166155,0.6060954256949004,democrat
432,CT-2,Connecticut,CT,2,289114,Danny Postemski Jr,102483,0.35447263017356473,Joe Courtney,167659,0.5799061961717523,democrat
433,CT-3,Connecticut,CT,3,270239,Angel Cadena,95667,0.354008858824966,Rosa L DeLauro,163211,0.6039505770817684,democrat
434,CT-4,Connecticut,CT,4,275651,Harry Arora,103175,0.37429575804187176,Jim Himes,168726,0.6121000830760636,democrat
435,CT-5,Connecticut,CT,5,270664,Manny Santos,115146,0.4254204474920935,Jahana Hayes,142901,0.5279645612272043,democrat
436,WV-1,West Virginia,WV,1,198214,David B McKinley,127997,0.6457515614436922,Kendra Fershee,70217,0.35424843855630783,republican
437,WV-2,West Virginia,WV,2,204792,Alex X. Mooney,110504,0.5395913902886832,Talley Sergent,88011,0.4297579983593109,republican
438,WV-3,West Virginia,WV,3,174985,Carol Miller,98645,0.563734034345801,Richard Ojeda II,76340,0.43626596565419895,republican
439,WI-1,Wisconsin,WI,1,325317,Bryan Steil,177492,0.5455970637870139,Randy Bryce,137508,0.42268925386622896,republican
440,WI-3,Wisconsin,WI,3,314989,Steve Toft,126980,0.403125188498646,Ron Kind,187888,0.5964906711028004,democrat
441,WI-4,Wisconsin,WI,4,273087,Tim Rogers,59091,0.21638159267925605,Gwen S. Moore,206487,0.7561216755100023,democrat
442,WI-5,Wisconsin,WI,5,364288,"F. James Sensenbrenner, Jr.",225619,0.6193423884399156,Tom Palzewicz,138385,0.37987800860857346,republican
443,WI-6,Wisconsin,WI,6,325065,Glenn Grothman,180311,0.5546921384953778,Dan Kohl,144536,0.44463722640087366,republican
444,WI-7,Wisconsin,WI,7,322840,Sean P. Duffy,194061,0.6011058109280139,Margaret Engebretson,124307,0.385042126130591,republican
445,WY-0,Wyoming,WY,0,201245,Liz Cheney,127963,0.63585679147308,Greg Hunter,59903,0.29766205371562027,republican
446,NC-1,North Carolina,NC,1,272675,Roger W. Allison,82218,0.30152379206014485,G. K. Butterfield,190457,0.6984762079398551,democrat
447,NC-2,North Carolina,NC,2,331704,George Holding,170072,0.5127221860453899,Linda Coleman,151977,0.4581705375877288,republican
448,NC-4,North Carolina,NC,4,341403,Steve A. (Von) Loor,82052,0.24033766545695262,David Price,247067,0.7236813970586081,democrat
449,NC-5,North Carolina,NC,5,280385,Virginia Foxx,159917,0.5703479144747401,DD Adams,120468,0.4296520855252599,republican
450,NC-6,North Carolina,NC,6,284360,B. Mark Walker,160709,0.5651603601069067,Ryan Watts,123651,0.43483963989309327,republican
451,NC-7,North Carolina,NC,7,282312,David Rouzer,156809,0.5554457479667885,Kyle Horton,120838,0.4280299810139137,republican
452,NC-8,North Carolina,NC,8,255521,Richard Hudson,141402,0.5533870014597626,Frank McNeill,114119,0.4466129985402374,republican
453,NC-9,North Carolina,NC,9,282717,Mark Harris,139246,0.49252786355259853,Dan McCready,138341,0.4893267826130017,republican
454,NC-10,North Carolina,NC,10,278228,Patrick McHenry,164969,0.592927383297152,David Wilson Brown,113259,0.407072616702848,republican
455,NC-11,North Carolina,NC,11,300666,Mark Meadows,178012,0.5920589624367238,Phillip G. Price,116508,0.3874997505537706,republican
456,NC-12,North Carolina,NC,12,279138,Paul Wright,75164,0.26927182970430397,Alma Adams,203974,0.730728170295696,democrat
457,NC-13,North Carolina,NC,13,286316,Ted Budd,147570,0.5154095474929797,Kathy Manning,130402,0.4554478268765979,republican
